日時,始値(BID),高値(BID),安値(BID),終値(BID),始値(ASK),高値(ASK),安値(ASK),終値(ASK)
202011200800,3559,3559,3554.4,3557.5,3559.6,3559.6,3555.1,3558.1
202011200801,3557.5,3557.5,3554,3554.4,3558.1,3558.1,3554.7,3555
202011200802,3554.2,3554.7,3553,3553,3554.7,3555.2,3553.3,3553.3
202011200803,3553,3553.2,3547.3,3549.7,3553.3,3553.7,3548.1,3550.2
202011200804,3549.7,3549.8,3548.5,3549.7,3550.2,3550.3,3549,3550
202011200805,3551,3553.7,3551,3553.3,3551.6,3554.1,3551.6,3553.9
202011200806,3553.3,3553.7,3551.9,3552.4,3553.9,3554.1,3552.4,3553
202011200807,3552.4,3553.7,3552.4,3552.7,3553,3554,3553,3553
202011200808,3552.7,3553.5,3552.2,3553.3,3553,3554,3552.7,3553.9
202011200809,3553.3,3553.6,3551.5,3551.6,3553.9,3554,3552,3552
202011200810,3551.6,3552.8,3551.6,3551.7,3552,3553.3,3552,3552.2
202011200811,3551.9,3553.2,3551.9,3552.6,3552.3,3553.7,3552.3,3553
202011200812,3552.6,3552.7,3551.2,3551.4,3553,3553,3551.7,3551.9
202011200813,3551.4,3553.3,3551.4,3553.2,3552,3553.8,3552,3553.6
202011200814,3553.2,3553.9,3552.2,3553.9,3553.6,3554.5,3552.7,3554.5
202011200815,3553.7,3555,3552.2,3552.4,3554.3,3555.6,3552.6,3553
202011200816,3552.4,3552.7,3551.7,3552.6,3553,3553.3,3552.2,3553
202011200817,3552.6,3553.2,3550,3550.7,3553,3553.7,3550.5,3551.1
202011200818,3550.7,3551.6,3550.4,3550.5,3551.1,3552,3551,3551.1
202011200819,3550.5,3550.7,3549.7,3549.7,3551.1,3551.3,3550,3550.3
202011200820,3549.8,3552.5,3549.8,3552,3550.3,3553,3550.3,3552.3
202011200821,3552,3552.9,3551.4,3552.1,3552.3,3553.4,3552,3552.5
202011200822,3552.1,3553.6,3551.8,3553.5,3552.5,3554,3552.3,3554
202011200823,3553.5,3554.1,3552.7,3553.2,3554,3554.6,3553.3,3553.5
202011200824,3553.2,3553.2,3551.9,3552.4,3553.6,3553.6,3552.5,3552.8
202011200825,3552.4,3553.3,3551.9,3552.8,3552.8,3553.8,3552.3,3553.5
202011200826,3552.8,3554.1,3552.8,3554.1,3553.5,3554.5,3553.5,3554.5
202011200827,3554.1,3555,3553.9,3555,3554.5,3555.5,3554.3,3555.3
202011200828,3555,3555,3553.7,3554.7,3555.3,3555.3,3554.2,3555
202011200829,3554.7,3555.1,3551.8,3551.8,3555,3555.6,3552.3,3552.3
202011200830,3551.8,3552.9,3551.8,3551.8,3552.3,3553.3,3552.2,3552.2
202011200831,3551.9,3552.2,3549.8,3549.8,3552.3,3552.6,3550.1,3550.1
202011200832,3549.8,3549.8,3547.2,3547.2,3550.1,3550.1,3547.6,3547.6
202011200833,3547.2,3549.7,3546.9,3549.7,3547.6,3550,3547.5,3550
202011200834,3549.7,3549.8,3549.7,3549.7,3550,3550.3,3550,3550.2
202011200835,3549.7,3549.8,3547,3547.9,3550.2,3550.3,3547.5,3548.5
202011200836,3547.9,3548.4,3545,3546.4,3548.4,3549,3545.3,3546.8
202011200837,3546.4,3547.3,3544.4,3545.9,3546.8,3547.7,3544.9,3546.3
202011200838,3545.9,3546.2,3544.4,3545.1,3546.3,3546.8,3544.8,3545.7
202011200839,3545.2,3547.1,3545.1,3547.1,3545.6,3547.6,3545.6,3547.5
202011200840,3547.1,3547.6,3547,3547.6,3547.5,3548.1,3547.5,3548
202011200841,3547.6,3549.2,3547.6,3549,3548,3549.8,3548,3549.4
202011200842,3549,3549.7,3548.5,3548.6,3549.4,3550.2,3549,3549
202011200843,3548.7,3549,3546.8,3547.4,3549.1,3549.5,3547.4,3547.8
202011200844,3547.4,3548.9,3547.1,3548.9,3547.8,3549.3,3547.6,3549.3
202011200845,3548.9,3548.9,3547.9,3548.4,3549.3,3549.3,3548.5,3549
202011200846,3548.4,3548.4,3546.8,3547.7,3549,3549,3547.3,3548.1
202011200847,3547.7,3548.2,3546.2,3548.2,3548.1,3548.6,3546.7,3548.6
202011200848,3548.2,3548.7,3547.9,3548.2,3548.6,3549,3548.5,3548.7
202011200849,3548.2,3548.4,3547.8,3547.9,3548.7,3548.8,3548.3,3548.3
202011200850,3547.9,3549,3547.9,3548.7,3548.3,3549.6,3548.3,3549.3
202011200851,3548.7,3549.2,3548.7,3548.8,3549.3,3549.7,3549.2,3549.3
202011200852,3548.8,3548.8,3546.7,3546.8,3549.3,3549.3,3547.1,3547.3
202011200853,3546.8,3548.4,3546.8,3547.8,3547.3,3548.8,3547.3,3548.4
202011200854,3547.8,3548.3,3547.6,3548.2,3548.4,3548.8,3548.1,3548.7
202011200855,3548.2,3548.5,3548.1,3548.5,3548.7,3549,3548.6,3548.9
202011200856,3548.4,3549,3548.1,3548.7,3548.8,3549.4,3548.5,3549.2
202011200857,3548.7,3549.5,3548.4,3549.5,3549.2,3549.9,3548.9,3549.8
202011200858,3549.5,3549.7,3549.4,3549.6,3549.9,3550.2,3549.8,3550.2
202011200859,3549.6,3549.7,3548.1,3548.3,3550.2,3550.2,3548.6,3548.8
202011200900,3548.3,3550.9,3548.3,3549.7,3548.8,3551.3,3548.8,3550.3
202011200901,3549.7,3551.2,3549.7,3550,3550.2,3551.7,3550.2,3550.4
202011200902,3549.9,3550.1,3548.9,3549.5,3550.3,3550.6,3549.4,3550.1
202011200903,3549.5,3550,3548.9,3549.8,3550.1,3550.6,3549.5,3550.3
202011200904,3549.8,3551.7,3549.7,3551.4,3550.3,3552,3550.2,3551.9
202011200905,3551.4,3551.6,3550.7,3551.4,3551.9,3552,3551.2,3552
202011200906,3551.4,3553,3551.3,3552.3,3552,3553.5,3551.8,3552.9
202011200907,3552.3,3555.7,3552.3,3554.5,3552.9,3556.3,3552.9,3555.1
202011200908,3554.5,3556.4,3554.5,3555,3555.1,3556.8,3555,3555.5
202011200909,3555,3555.5,3555,3555.3,3555.5,3556.1,3555.5,3555.9
202011200910,3555.3,3555.9,3554.6,3554.7,3555.9,3556.3,3555,3555.1
202011200911,3554.7,3556.7,3554.7,3556.4,3555.1,3557,3555.1,3556.8
202011200912,3556.4,3557.4,3556.2,3557.2,3556.8,3557.8,3556.6,3557.6
202011200913,3557.1,3557.1,3554.2,3554.3,3557.5,3557.5,3554.8,3554.8
202011200914,3554.3,3555.1,3554.2,3555,3554.8,3555.5,3554.8,3555.3
202011200915,3555,3556.4,3554,3554,3555.3,3556.8,3554.4,3554.4
202011200916,3554,3554.9,3553.9,3554.9,3554.4,3555.3,3554.3,3555.3
202011200917,3554.9,3555.6,3554.4,3555.5,3555.3,3556.1,3555,3555.9
202011200918,3555.4,3555.9,3554.9,3554.9,3555.8,3556.5,3555.3,3555.3
202011200919,3554.9,3556.4,3554.7,3556,3555.3,3556.9,3555.3,3556.5
202011200920,3556,3556.5,3555.9,3556.2,3556.5,3557,3556.3,3556.6
202011200921,3556.2,3556.4,3555.9,3555.9,3556.6,3556.8,3556.3,3556.5
202011200922,3555.9,3557.2,3555.9,3556,3556.5,3557.6,3556.3,3556.4
202011200923,3556,3556.2,3555.8,3555.9,3556.4,3556.6,3556.3,3556.3
202011200924,3555.9,3556.5,3555.7,3556.2,3556.3,3557.1,3556.2,3556.7
202011200925,3556.3,3556.9,3556.2,3556.2,3556.8,3557.3,3556.5,3556.5
202011200926,3556.2,3556.4,3555.6,3556,3556.5,3556.8,3556,3556.4
202011200927,3556,3556.7,3555.7,3556.5,3556.4,3557.3,3556.1,3557
202011200928,3556.5,3557.5,3556.5,3556.7,3557,3557.8,3557,3557
202011200929,3556.7,3557.2,3556.6,3556.9,3557,3557.7,3557,3557.3
202011200930,3556.9,3557,3556.7,3557,3557.3,3557.6,3557.2,3557.3
202011200931,3557,3557.5,3556.2,3556.7,3557.3,3558,3556.6,3557.1
202011200932,3556.7,3559.4,3556.7,3559.3,3557.1,3559.7,3557.1,3559.7
202011200933,3559.3,3559.4,3558.2,3558.2,3559.7,3559.8,3558.6,3558.6
202011200934,3558.2,3559.4,3558.2,3558.7,3558.6,3559.8,3558.6,3559.3
202011200935,3558.7,3559,3557.7,3557.9,3559.3,3559.5,3558.3,3558.5
202011200936,3557.9,3558.2,3557.5,3557.5,3558.5,3558.7,3557.9,3557.9
202011200937,3557.5,3557.7,3557.2,3557.7,3557.9,3558.1,3557.6,3558
202011200938,3557.7,3558.4,3557.4,3558.4,3558,3558.8,3557.8,3558.8
202011200939,3558.4,3558.7,3557,3557.1,3558.8,3559.1,3557.4,3557.4
202011200940,3557.1,3557.1,3556.3,3556.4,3557.4,3557.5,3556.8,3556.8
202011200941,3556.4,3556.4,3555.9,3556.4,3556.8,3557,3556.4,3556.8
202011200942,3556.4,3556.8,3556.2,3556.4,3556.8,3557.3,3556.8,3556.8
202011200943,3556.4,3556.4,3555.4,3555.7,3556.8,3556.8,3555.9,3556.1
202011200944,3555.7,3557,3555.7,3557,3556.1,3557.4,3556.1,3557.4
202011200945,3556.9,3557.2,3556.2,3556.4,3557.3,3557.5,3556.8,3556.8
202011200946,3556.5,3556.7,3555.9,3555.9,3556.9,3557.2,3556.3,3556.3
202011200947,3556,3556.2,3555.7,3556,3556.4,3556.6,3556,3556.6
202011200948,3556,3556.2,3555.7,3555.9,3556.6,3556.6,3556,3556.2
202011200949,3555.9,3556.2,3555.7,3555.7,3556.2,3556.8,3556,3556.3
202011200950,3555.7,3555.8,3555.4,3555.5,3556.3,3556.3,3555.9,3555.9
202011200951,3555.5,3555.6,3555,3555.5,3555.9,3556.1,3555.4,3555.9
202011200952,3555.5,3555.5,3555.2,3555.2,3555.9,3556.1,3555.6,3555.6
202011200953,3555.2,3555.2,3554.2,3554.5,3555.6,3555.7,3554.7,3554.8
202011200954,3554.5,3554.5,3553.7,3553.8,3554.8,3554.8,3554.2,3554.2
202011200955,3553.9,3554.2,3553.4,3553.7,3554.3,3554.8,3553.9,3554.3
202011200956,3553.7,3553.8,3552.9,3553.1,3554.3,3554.3,3553.5,3553.5
202011200957,3553.1,3553.6,3553,3553.5,3553.5,3554.1,3553.5,3553.9
202011200958,3553.5,3553.8,3552.9,3553.2,3553.9,3554.3,3553.3,3553.5
202011200959,3553.2,3553.6,3552.7,3552.7,3553.5,3554.1,3553,3553.2
202011201000,3552.7,3553.3,3551.9,3552.7,3553.3,3553.8,3552.3,3553.3
202011201001,3552.7,3553.9,3552.4,3553.7,3553.3,3554.3,3552.8,3554.3
202011201002,3553.7,3554.5,3553.7,3554.2,3554.3,3555,3554.1,3554.6
202011201003,3554.1,3554.1,3553,3553.4,3554.5,3554.5,3553.5,3553.8
202011201004,3553.4,3554.2,3553.4,3553.4,3553.8,3554.8,3553.8,3553.8
202011201005,3553.4,3553.7,3553,3553.5,3553.8,3554.2,3553.5,3554
202011201006,3553.5,3554.7,3553.4,3554.2,3554,3555,3554,3554.7
202011201007,3554.2,3554.4,3552,3552.5,3554.7,3554.8,3552.6,3553.1
202011201008,3552.5,3553.1,3552,3552.5,3553.1,3553.6,3552.6,3552.9
202011201009,3552.4,3553.3,3552.2,3553.2,3552.8,3553.7,3552.7,3553.6
202011201010,3553.2,3553.4,3553,3553.4,3553.6,3553.8,3553.5,3553.8
202011201011,3553.4,3555.2,3553.4,3554.9,3553.8,3555.6,3553.8,3555.5
202011201012,3554.9,3555.8,3554.3,3555.6,3555.5,3556.1,3554.8,3556
202011201013,3555.6,3556.5,3555.5,3556.1,3556,3557,3555.9,3556.5
202011201014,3556.1,3556.2,3555.4,3555.5,3556.5,3556.8,3555.9,3556.1
202011201015,3555.5,3556.9,3555.2,3556.7,3556.1,3557.3,3555.6,3557.1
202011201016,3556.7,3557.7,3556.5,3557.2,3557.1,3558.1,3557,3557.6
202011201017,3557.2,3557.8,3557.2,3557.5,3557.6,3558.2,3557.6,3558.1
202011201018,3557.5,3557.7,3556.7,3557,3558.1,3558.1,3557.3,3557.6
202011201019,3557,3557.2,3556.9,3557.1,3557.6,3557.8,3557.3,3557.5
202011201020,3557.1,3557.9,3557.1,3557.9,3557.5,3558.3,3557.5,3558.2
202011201021,3557.9,3558.5,3556.7,3557,3558.2,3559,3557,3557.4
202011201022,3557,3558.7,3556.7,3558.7,3557.4,3559,3557.1,3559
202011201023,3558.6,3558.7,3558.3,3558.5,3559,3559.1,3558.8,3558.9
202011201024,3558.5,3558.8,3558.4,3558.7,3558.9,3559.3,3558.9,3559.3
202011201025,3558.7,3559,3557.7,3557.7,3559.2,3559.5,3558.3,3558.3
202011201026,3557.7,3557.7,3557,3557,3558.3,3558.3,3557.5,3557.5
202011201027,3557,3557.5,3556.5,3557.2,3557.5,3558,3557,3557.6
202011201028,3557.2,3557.4,3556.9,3557.2,3557.6,3557.8,3557.5,3557.6
202011201029,3557.2,3557.5,3556.9,3557.2,3557.6,3557.8,3557.3,3557.6
202011201030,3557.2,3557.4,3556.9,3557.2,3557.6,3557.8,3557.3,3557.6
202011201031,3557.2,3557.2,3556.5,3556.7,3557.6,3557.6,3557,3557.1
202011201032,3556.7,3556.9,3555.9,3556.3,3557.1,3557.3,3556.3,3556.8
202011201033,3556.3,3556.5,3556.2,3556.2,3556.8,3557,3556.5,3556.5
202011201034,3556.2,3556.6,3555.4,3556.2,3556.5,3557,3555.9,3556.5
202011201035,3556.2,3556.2,3555.2,3555.5,3556.5,3556.6,3555.6,3556
202011201036,3555.5,3555.8,3555.4,3555.7,3556,3556.3,3555.8,3556
202011201037,3555.7,3556.1,3555.2,3556,3556,3556.5,3555.6,3556.3
202011201038,3556,3556,3555.2,3555.4,3556.3,3556.5,3555.8,3555.8
202011201039,3555.4,3556,3555.2,3555.8,3555.8,3556.5,3555.8,3556.1
202011201040,3555.7,3555.8,3555.6,3555.6,3556,3556.3,3556,3556
202011201041,3555.6,3555.6,3554.2,3555,3556,3556,3554.6,3555.3
202011201042,3555,3555.5,3554.9,3555.5,3555.3,3555.9,3555.3,3555.8
202011201043,3555.5,3555.7,3554.9,3555,3555.8,3556,3555.3,3555.4
202011201044,3555,3555.2,3554.9,3555.1,3555.4,3555.5,3555.3,3555.5
202011201045,3555.1,3555.5,3555.1,3555.5,3555.5,3556,3555.5,3555.8
202011201046,3555.5,3556.7,3555.5,3556.5,3555.8,3557.1,3555.8,3557
202011201047,3556.5,3556.5,3556.2,3556.3,3557,3557,3556.5,3556.8
202011201048,3556.3,3556.4,3556,3556.1,3556.8,3556.8,3556.5,3556.5
202011201049,3556.1,3556.4,3556,3556.2,3556.5,3556.8,3556.5,3556.5
202011201050,3556.2,3556.2,3555.6,3555.6,3556.5,3556.5,3556,3556
202011201051,3555.6,3556,3555.6,3556,3556,3556.6,3556,3556.5
202011201052,3556,3556.5,3555.7,3556.5,3556.5,3557.1,3556.1,3556.9
202011201053,3556.5,3557.3,3556.5,3556.9,3556.9,3557.8,3556.9,3557.2
202011201054,3556.9,3557.2,3556.7,3557,3557.2,3557.6,3557,3557.5
202011201055,3557,3557.7,3556.9,3557.5,3557.5,3558,3557.5,3557.9
202011201056,3557.5,3558.2,3557.2,3558.2,3557.9,3558.5,3557.7,3558.5
202011201057,3558.2,3558.2,3557.1,3557.2,3558.5,3558.6,3557.5,3557.5
202011201058,3557.2,3557.2,3556.2,3556.3,3557.5,3557.6,3556.5,3556.8
202011201059,3556.3,3556.4,3555.7,3555.7,3556.8,3556.8,3556,3556.3
202011201100,3555.9,3556.8,3555.9,3556.7,3556.3,3557.3,3556.3,3557.1
202011201101,3556.7,3556.8,3556,3556,3557.1,3557.2,3556.4,3556.4
202011201102,3556,3556,3555.5,3555.9,3556.4,3556.4,3556,3556.3
202011201103,3556,3556,3555.5,3555.7,3556.4,3556.5,3556,3556
202011201104,3555.7,3556.2,3555.5,3556.1,3556,3556.6,3556,3556.5
202011201105,3556.1,3556.1,3554.9,3555,3556.5,3556.6,3555.3,3555.5
202011201106,3555,3555.1,3554,3554.4,3555.6,3555.6,3554.5,3554.7
202011201107,3554.5,3554.5,3553.4,3553.6,3554.8,3554.8,3554,3554
202011201108,3553.6,3554.4,3553.4,3553.6,3554,3554.8,3553.8,3554
202011201109,3553.6,3554,3553.6,3553.9,3554,3554.5,3554,3554.3
202011201110,3553.9,3554.3,3553.4,3553.8,3554.3,3554.8,3553.9,3554.3
202011201111,3553.8,3554.1,3553.7,3553.7,3554.3,3554.5,3554.1,3554.1
202011201112,3553.7,3554,3553.2,3553.7,3554.1,3554.3,3553.6,3554.1
202011201113,3553.7,3554,3553.4,3553.5,3554.1,3554.3,3553.8,3553.8
202011201114,3553.5,3553.7,3553.4,3553.7,3553.8,3554.3,3553.8,3554
202011201115,3553.7,3553.7,3553.4,3553.5,3554,3554.3,3553.8,3553.9
202011201116,3553.5,3553.5,3553.2,3553.4,3553.9,3553.9,3553.7,3553.7
202011201117,3553.4,3554.5,3553.4,3554.5,3553.7,3554.9,3553.7,3554.9
202011201118,3554.5,3555.4,3554.5,3555,3554.9,3555.8,3554.9,3555.4
202011201119,3554.9,3554.9,3553.9,3553.9,3555.3,3555.3,3554.5,3554.5
202011201120,3553.9,3554,3553.5,3554,3554.5,3554.5,3553.9,3554.4
202011201121,3554,3554.2,3553.7,3554.2,3554.4,3554.6,3554.1,3554.6
202011201122,3554.2,3555.1,3554.2,3554.9,3554.6,3555.6,3554.6,3555.3
202011201123,3554.9,3555.5,3554.8,3555,3555.3,3555.8,3555.3,3555.4
202011201124,3555,3555.1,3554.7,3555,3555.4,3555.6,3555,3555.3
202011201125,3555,3555,3554.4,3555,3555.3,3555.5,3555,3555.4
202011201126,3554.9,3554.9,3554.7,3554.7,3555.3,3555.3,3555.1,3555.2
202011201127,3554.7,3554.7,3554.2,3554.2,3555.2,3555.2,3554.5,3554.6
202011201128,3554.2,3554.4,3554,3554.4,3554.6,3554.8,3554.4,3554.8
202011201129,3554.4,3555,3554.4,3554.9,3554.8,3555.4,3554.8,3555.3
202011201130,3554.9,3555,3553.9,3554,3555.3,3555.3,3554.3,3554.3
202011201131,3554,3554,3552.9,3553,3554.3,3554.3,3553.3,3553.3
202011201132,3553,3553,3552.8,3553,3553.3,3553.5,3553.2,3553.3
202011201133,3553,3553.5,3553,3553.3,3553.3,3553.9,3553.3,3553.8
202011201134,3553.3,3553.7,3553.2,3553.2,3553.8,3554,3553.7,3553.8
202011201135,3553.2,3553.5,3552.5,3552.6,3553.8,3553.8,3553,3553
202011201136,3552.6,3552.9,3551.6,3551.7,3553,3553.3,3552,3552
202011201137,3551.6,3552.4,3551.6,3552.4,3552,3552.8,3552,3552.8
202011201138,3552.4,3553,3552.4,3553,3552.8,3553.6,3552.8,3553.3
202011201139,3553,3553.2,3552.7,3552.9,3553.3,3553.6,3553.1,3553.3
202011201140,3552.9,3552.9,3551.9,3552,3553.3,3553.3,3552.3,3552.3
202011201141,3552,3552.5,3552,3552.5,3552.3,3552.9,3552.3,3552.8
202011201142,3552.5,3552.6,3551.9,3552.6,3552.8,3553,3552.3,3553
202011201143,3552.6,3553,3552.4,3552.9,3553,3553.5,3552.8,3553.3
202011201144,3552.9,3554,3552.8,3554,3553.3,3554.3,3553.2,3554.3
202011201145,3553.9,3554.2,3553.7,3554,3554.2,3554.8,3554.2,3554.4
202011201146,3554,3554,3553.5,3554,3554.4,3554.4,3554,3554.3
202011201147,3554,3555,3553.9,3555,3554.3,3555.4,3554.3,3555.4
202011201148,3555,3556.2,3555,3556.2,3555.4,3556.5,3555.4,3556.5
202011201149,3556.2,3557.1,3556.2,3556.7,3556.5,3557.6,3556.5,3557.1
202011201150,3556.7,3556.7,3555.7,3556,3557.1,3557.1,3556.3,3556.3
202011201151,3556,3556.2,3555.5,3555.7,3556.3,3556.6,3555.8,3556.3
202011201152,3555.7,3556,3555.4,3555.9,3556.3,3556.3,3555.9,3556.2
202011201153,3556,3556,3555.7,3556,3556.3,3556.6,3556,3556.3
202011201154,3556,3556.3,3555.7,3556,3556.3,3556.8,3556.2,3556.6
202011201155,3556,3556.1,3555.5,3555.5,3556.6,3556.6,3556,3556
202011201156,3555.6,3556.2,3555.4,3555.7,3556.1,3556.6,3555.8,3556
202011201157,3555.7,3556.5,3555.5,3556.4,3556,3556.9,3556,3556.7
202011201158,3556.4,3557,3556.2,3557,3556.7,3557.5,3556.7,3557.4
202011201159,3557,3557.1,3556.7,3556.9,3557.4,3557.4,3557,3557.3
202011201200,3556.9,3557.6,3556.4,3557.6,3557.3,3558,3556.9,3558
202011201201,3557.6,3559.2,3557.2,3559.2,3558,3559.6,3557.7,3559.5
202011201202,3559.2,3560.2,3559.2,3559.5,3559.5,3560.5,3559.5,3560
202011201203,3559.5,3559.8,3559,3559,3560,3560.1,3559.5,3559.6
202011201204,3559,3559.8,3559,3559.8,3559.6,3560.2,3559.4,3560.2
202011201205,3559.8,3560.5,3559.4,3560.5,3560.2,3561,3559.9,3560.8
202011201206,3560.5,3560.7,3560.1,3560.4,3560.8,3561,3560.5,3560.7
202011201207,3560.4,3560.7,3560.2,3560.5,3560.7,3561.1,3560.7,3560.8
202011201208,3560.4,3560.5,3560,3560.2,3560.7,3561,3560.5,3560.6
202011201209,3560.2,3560.2,3559.6,3559.7,3560.6,3560.6,3560,3560
202011201210,3559.7,3560.2,3559.2,3559.4,3560,3560.5,3559.7,3559.8
202011201211,3559.5,3559.7,3559.1,3559.1,3559.9,3560,3559.5,3559.5
202011201212,3559.1,3560.1,3559.1,3560.1,3559.5,3560.5,3559.5,3560.5
202011201213,3559.9,3560.3,3559.3,3559.3,3560.5,3560.6,3559.8,3559.8
202011201214,3559.3,3559.4,3558.7,3559.2,3559.8,3559.8,3559.1,3559.6
202011201215,3559.2,3559.5,3558.9,3559.2,3559.6,3559.8,3559.3,3559.7
202011201216,3559.2,3559.5,3559,3559.2,3559.7,3559.8,3559.5,3559.6
202011201217,3559.2,3559.5,3558.8,3558.9,3559.6,3559.9,3559.3,3559.3
202011201218,3558.9,3559,3558.7,3558.7,3559.3,3559.3,3559,3559
202011201219,3558.7,3558.7,3558.2,3558.6,3559,3559.1,3558.8,3559
202011201220,3558.6,3559.7,3558.6,3559.4,3559,3560.1,3559,3559.7
202011201221,3559.4,3559.5,3559.1,3559.1,3559.7,3560,3559.5,3559.5
202011201222,3559.1,3559.1,3557.9,3558.1,3559.5,3559.5,3558.3,3558.5
202011201223,3558.1,3558.5,3558.1,3558.5,3558.5,3558.8,3558.5,3558.8
202011201224,3558.5,3558.5,3558.2,3558.2,3558.8,3558.9,3558.5,3558.5
202011201225,3558.2,3558.4,3557.9,3558.2,3558.5,3558.8,3558.5,3558.5
202011201226,3558.2,3558.2,3557.7,3557.9,3558.5,3558.5,3558,3558.3
202011201227,3557.9,3558.2,3557.8,3558.2,3558.3,3558.6,3558.2,3558.5
202011201228,3558.2,3558.2,3557.7,3558.2,3558.5,3558.6,3558.1,3558.5
202011201229,3558.2,3558.2,3557.5,3557.8,3558.5,3558.5,3557.8,3558.3
202011201230,3557.7,3558.5,3557.7,3558,3558.3,3558.8,3558.2,3558.4
202011201231,3558,3558.5,3557.9,3558.2,3558.4,3558.8,3558.3,3558.6
202011201232,3558.2,3558.3,3557.7,3557.9,3558.6,3558.6,3558.2,3558.3
202011201233,3557.9,3558.1,3557.5,3557.5,3558.3,3558.6,3557.8,3557.8
202011201234,3557.5,3557.5,3557,3557.4,3557.8,3557.8,3557.4,3557.8
202011201235,3557.4,3557.5,3557,3557.4,3557.8,3557.8,3557.4,3557.8
202011201236,3557.4,3557.5,3556.7,3557,3557.8,3557.8,3557,3557.3
202011201237,3557,3557,3556.2,3556.3,3557.3,3557.3,3556.7,3556.7
202011201238,3556.3,3556.4,3555.7,3555.7,3556.7,3556.8,3556,3556.3
202011201239,3555.8,3555.9,3555.5,3555.9,3556.3,3556.3,3555.9,3556.3
202011201240,3555.9,3556.5,3555.9,3556.5,3556.3,3557,3556.3,3556.9
202011201241,3556.4,3556.8,3556.2,3556.2,3556.8,3557.3,3556.5,3556.5
202011201242,3556.2,3556.5,3556,3556.5,3556.5,3557,3556.4,3556.9
202011201243,3556.5,3556.5,3555.5,3555.5,3556.9,3556.9,3555.8,3555.9
202011201244,3555.5,3555.7,3555.4,3555.7,3555.9,3556.3,3555.8,3556.1
202011201245,3555.6,3556.2,3555.4,3556,3556,3556.6,3556,3556.3
202011201246,3556,3556.1,3555,3555.1,3556.3,3556.5,3555.5,3555.5
202011201247,3555.1,3555.2,3554.7,3554.7,3555.5,3555.8,3555.1,3555.1
202011201248,3554.7,3555.5,3554.7,3555.2,3555.1,3555.8,3555.1,3555.6
202011201249,3555.2,3556,3555.2,3555.7,3555.6,3556.3,3555.5,3556.2
202011201250,3555.7,3556,3555.6,3555.9,3556.1,3556.6,3556,3556.3
202011201251,3555.9,3556,3555.7,3555.7,3556.3,3556.5,3556,3556.1
202011201252,3555.6,3556,3555.6,3555.7,3556,3556.4,3556,3556.1
202011201253,3555.7,3555.9,3555.7,3555.7,3556.1,3556.3,3556,3556.1
202011201254,3555.7,3555.8,3555.1,3555.5,3556.1,3556.1,3555.5,3555.9
202011201255,3555.5,3555.5,3555.2,3555.2,3555.9,3555.9,3555.5,3555.5
202011201256,3555.3,3555.5,3555.1,3555.5,3555.6,3555.9,3555.5,3555.8
202011201257,3555.5,3555.6,3555,3555.2,3555.8,3556.1,3555.5,3555.6
202011201258,3555.2,3556.4,3555.2,3556,3555.6,3556.8,3555.6,3556.5
202011201259,3556,3556.7,3556,3556.2,3556.5,3557.1,3556.5,3556.6
202011201300,3556.2,3556.2,3555.2,3555.4,3556.6,3556.6,3555.7,3555.8
202011201301,3555.5,3555.6,3555.2,3555.4,3555.9,3556.1,3555.6,3555.8
202011201302,3555.4,3555.5,3555.2,3555.3,3555.8,3555.9,3555.6,3555.6
202011201303,3555.3,3555.7,3554.7,3555.7,3555.6,3556.3,3555.1,3556.1
202011201304,3555.7,3556.2,3555.6,3556.1,3556.1,3556.6,3556,3556.6
202011201305,3556.1,3556.1,3555.7,3556.1,3556.6,3556.6,3556.1,3556.5
202011201306,3556.1,3556.2,3555.9,3556.2,3556.5,3556.6,3556.3,3556.5
202011201307,3556.2,3556.2,3555.9,3556,3556.5,3556.6,3556.3,3556.3
202011201308,3556,3556.2,3556,3556.2,3556.3,3556.5,3556.3,3556.5
202011201309,3556.2,3556.5,3556.1,3556.2,3556.5,3556.8,3556.5,3556.5
202011201310,3556.2,3556.4,3556,3556,3556.5,3556.8,3556.4,3556.4
202011201311,3556,3556.2,3556,3556.2,3556.4,3556.7,3556.4,3556.6
202011201312,3556.2,3557.5,3556.2,3557.2,3556.6,3558,3556.6,3557.6
202011201313,3557.2,3558,3557.2,3557.9,3557.6,3558.3,3557.6,3558.3
202011201314,3557.9,3558.7,3557.7,3558.4,3558.3,3559.1,3558.3,3558.8
202011201315,3558.4,3559,3558.3,3558.7,3558.8,3559.3,3558.7,3559.1
202011201316,3558.7,3559.2,3558.5,3559.2,3559.1,3559.6,3559,3559.6
202011201317,3559.2,3559.8,3559,3559.7,3559.6,3560.3,3559.3,3560
202011201318,3559.7,3560.2,3559.6,3559.6,3560,3560.6,3560,3560
202011201319,3559.6,3560.5,3559.5,3560.4,3560,3560.8,3560,3560.8
202011201320,3560.4,3560.4,3559.7,3559.8,3560.8,3560.8,3560.3,3560.3
202011201321,3559.7,3560,3559.7,3559.8,3560.3,3560.6,3560.2,3560.2
202011201322,3559.8,3560.2,3559.8,3559.9,3560.2,3560.6,3560.2,3560.3
202011201323,3559.9,3560.2,3559.9,3560.2,3560.3,3560.8,3560.3,3560.8
202011201324,3560.2,3560.3,3559.9,3560,3560.8,3560.8,3560.3,3560.3
202011201325,3560,3560.4,3560,3560,3560.3,3560.8,3560.3,3560.4
202011201326,3560,3560,3559.6,3559.6,3560.4,3560.4,3560,3560
202011201327,3559.6,3559.7,3559.5,3559.6,3560,3560,3559.9,3560
202011201328,3559.6,3559.8,3559.5,3559.6,3560,3560.3,3560,3560
202011201329,3559.6,3559.7,3559.6,3559.7,3560,3560,3560,3560
202011201330,3559.7,3561.2,3559.6,3561.2,3560,3561.8,3560,3561.6
202011201331,3561.2,3563.1,3561.1,3562.5,3561.6,3563.5,3561.5,3563
202011201332,3562.5,3562.5,3562.2,3562.5,3563,3563.1,3562.6,3562.8
202011201333,3562.5,3562.5,3561.7,3562,3562.8,3562.8,3562.2,3562.4
202011201334,3562,3562.1,3561.8,3561.9,3562.4,3562.6,3562.2,3562.2
202011201335,3561.9,3562,3561.7,3561.8,3562.2,3562.3,3562.2,3562.2
202011201336,3561.9,3563.1,3561.7,3563,3562.3,3563.5,3562.2,3563.3
202011201337,3563,3563.2,3562.8,3563,3563.3,3563.8,3563.2,3563.3
202011201338,3563,3563.2,3562.7,3563,3563.3,3563.6,3563.3,3563.3
202011201339,3563,3563.3,3563,3563.2,3563.4,3563.8,3563.3,3563.6
202011201340,3563.2,3563.6,3563.2,3563.4,3563.6,3564,3563.5,3564
202011201341,3563.4,3564.4,3563.4,3564.2,3564,3564.8,3563.9,3564.8
202011201342,3564.2,3565,3564.1,3565,3564.8,3565.5,3564.5,3565.3
202011201343,3565,3565.2,3564.8,3565.2,3565.3,3565.8,3565.2,3565.8
202011201344,3565.2,3565.9,3565.2,3565.5,3565.8,3566.3,3565.7,3565.8
202011201345,3565.5,3565.6,3564.5,3564.6,3565.8,3566.1,3564.8,3565
202011201346,3564.6,3566.1,3564.4,3566.1,3565,3566.6,3564.9,3566.5
202011201347,3566.1,3566.1,3565.4,3565.7,3566.5,3566.6,3565.8,3566
202011201348,3565.7,3565.7,3564.2,3564.2,3566,3566.1,3564.5,3564.6
202011201349,3564.2,3564.4,3564,3564.4,3564.6,3564.8,3564.5,3564.7
202011201350,3564.4,3564.5,3564,3564.4,3564.7,3564.8,3564.5,3564.7
202011201351,3564.4,3564.4,3564.2,3564.2,3564.7,3564.8,3564.5,3564.8
202011201352,3564.2,3564.9,3564.2,3564.5,3564.8,3565.3,3564.6,3565
202011201353,3564.5,3565.2,3564.5,3565.2,3565,3565.6,3564.9,3565.5
202011201354,3565.2,3565.3,3565,3565.3,3565.5,3565.8,3565.3,3565.6
202011201355,3565.3,3565.5,3564.9,3565.4,3565.6,3566,3565.3,3565.9
202011201356,3565.4,3566,3565.4,3565.7,3565.9,3566.6,3565.9,3566.1
202011201357,3565.6,3565.7,3565.2,3565.4,3566,3566.3,3565.8,3565.8
202011201358,3565.4,3565.5,3565,3565.1,3565.8,3565.8,3565.4,3565.5
202011201359,3565.2,3565.2,3564.6,3564.6,3565.6,3565.6,3565,3565
202011201400,3564.6,3565.3,3564.2,3564.4,3565,3565.6,3564.8,3564.8
202011201401,3564.4,3565.2,3564.4,3565,3564.8,3565.6,3564.8,3565.3
202011201402,3565,3565,3564.4,3564.7,3565.3,3565.3,3565,3565.3
202011201403,3564.7,3566,3564.7,3565.7,3565.3,3566.4,3565.1,3566.1
202011201404,3565.7,3566,3565.4,3565.5,3566.1,3566.5,3565.8,3565.9
202011201405,3565.5,3565.5,3564.7,3565,3565.9,3565.9,3565,3565.6
202011201406,3565,3565.2,3564.4,3564.5,3565.6,3565.6,3564.8,3564.8
202011201407,3564.4,3564.6,3564.2,3564.4,3564.7,3565.1,3564.6,3564.8
202011201408,3564.4,3565.2,3564.2,3565.2,3564.8,3565.6,3564.8,3565.6
202011201409,3565.2,3565.5,3564.2,3564.2,3565.6,3565.8,3564.8,3564.8
202011201410,3564.2,3564.5,3564,3564.2,3564.8,3564.8,3564.5,3564.5
202011201411,3564.2,3564.5,3564.1,3564.5,3564.5,3565,3564.5,3565
202011201412,3564.5,3564.6,3564,3564.2,3565,3565,3564.5,3564.5
202011201413,3564.1,3564.2,3563.6,3563.7,3564.5,3564.5,3564,3564.3
202011201414,3563.7,3563.7,3563.4,3563.5,3564.3,3564.3,3563.8,3563.9
202011201415,3563.4,3563.6,3563.2,3563.6,3563.8,3564.1,3563.7,3564
202011201416,3563.6,3563.7,3563.2,3563.7,3564,3564,3563.7,3564
202011201417,3563.7,3564.2,3563.7,3564.2,3564,3564.6,3564,3564.5
202011201418,3564.2,3564.5,3563.7,3563.9,3564.5,3564.9,3564.1,3564.3
202011201419,3563.7,3564,3563.4,3563.4,3564.3,3564.3,3564,3564
202011201420,3563.4,3563.7,3563.2,3563.7,3564,3564,3563.8,3564
202011201421,3563.7,3564.2,3563.7,3564.1,3564,3564.6,3564,3564.5
202011201422,3564.1,3564.2,3563.4,3563.6,3564.5,3564.6,3563.9,3564
202011201423,3563.6,3563.7,3563.2,3563.5,3564,3564,3563.7,3563.9
202011201424,3563.5,3563.5,3563,3563.2,3563.9,3563.9,3563.4,3563.5
202011201425,3563.2,3563.2,3562.3,3562.7,3563.5,3563.5,3562.7,3563
202011201426,3562.7,3562.7,3562.3,3562.4,3563,3563.1,3562.7,3563
202011201427,3562.4,3562.6,3562,3562.3,3563,3563,3562.5,3562.7
202011201428,3562.3,3562.5,3561.9,3562.2,3562.7,3563,3562.5,3562.5
202011201429,3562.2,3562.2,3561.7,3561.7,3562.5,3562.6,3562.3,3562.3
202011201430,3561.7,3563.5,3561.7,3563.2,3562.3,3563.8,3562.3,3563.7
202011201431,3563.2,3564.5,3563.2,3564.3,3563.7,3564.9,3563.7,3564.8
202011201432,3564.3,3564.3,3563.2,3563.2,3564.8,3564.8,3563.5,3563.5
202011201433,3563.2,3563.2,3562.2,3562.5,3563.5,3563.5,3562.5,3563
202011201434,3562.5,3562.5,3562.2,3562.4,3563,3563,3562.6,3562.8
202011201435,3562.4,3562.7,3562.2,3562.5,3562.8,3563.1,3562.8,3563
202011201436,3562.5,3562.6,3561.9,3562.2,3563,3563.1,3562.3,3562.7
202011201437,3562.2,3562.7,3562.2,3562.5,3562.7,3563.1,3562.6,3562.8
202011201438,3562.5,3563.2,3562.4,3563.2,3562.8,3563.6,3562.8,3563.6
202011201439,3563.2,3563.2,3562.7,3562.9,3563.6,3563.6,3563.1,3563.3
202011201440,3563,3563.2,3562.9,3563.2,3563.4,3563.7,3563.4,3563.6
202011201441,3563.2,3563.7,3563,3563.6,3563.6,3564.1,3563.5,3564
202011201442,3563.6,3564.2,3563.5,3563.5,3564,3564.6,3564,3564
202011201443,3563.5,3564.2,3563.5,3563.7,3564,3564.6,3564,3564.3
202011201444,3563.7,3563.7,3562.8,3563,3564.3,3564.3,3563.3,3563.4
202011201445,3563,3563,3561.9,3562,3563.4,3563.4,3562.3,3562.4
202011201446,3562,3562.2,3561.5,3562.2,3562.4,3562.8,3562,3562.5
202011201447,3562.2,3562.5,3562.2,3562.2,3562.5,3562.9,3562.5,3562.5
202011201448,3562.2,3562.5,3562.1,3562.2,3562.5,3563,3562.5,3562.8
202011201449,3562.2,3562.7,3562.2,3562.5,3562.8,3563.1,3562.5,3562.8
202011201450,3562.5,3562.9,3562,3562.4,3562.8,3563.3,3562.5,3562.8
202011201451,3562.4,3563.5,3562.2,3562.8,3562.8,3564,3562.8,3563.3
202011201452,3562.8,3562.8,3562.2,3562.5,3563.3,3563.3,3562.8,3563
202011201453,3562.5,3562.5,3562.2,3562.4,3563,3563,3562.8,3562.8
202011201454,3562.4,3562.4,3561.9,3561.9,3562.8,3562.9,3562.5,3562.5
202011201455,3562,3562.6,3562,3562.5,3562.5,3563,3562.5,3563
202011201456,3562.5,3562.7,3562.2,3562.4,3563.1,3563.1,3562.7,3562.8
202011201457,3562.4,3562.6,3562,3562.6,3562.8,3563.1,3562.5,3563
202011201458,3562.7,3563,3562.4,3562.7,3563.1,3563.4,3562.8,3563.1
202011201459,3562.7,3563.5,3562.7,3563.4,3563.1,3564,3563,3563.8
202011201500,3563.2,3563.4,3563,3563.4,3563.8,3563.8,3563.3,3563.8
202011201501,3563.4,3563.7,3563.2,3563.4,3563.8,3564.3,3563.8,3563.8
202011201502,3563.4,3563.4,3561.9,3562.1,3563.8,3563.8,3562.4,3562.5
202011201503,3562.2,3562.5,3561.9,3562.2,3562.6,3563,3562.3,3562.8
202011201504,3562.2,3562.4,3561.5,3561.9,3562.8,3562.8,3561.8,3562.3
202011201505,3561.8,3562,3561.7,3562,3562.2,3562.3,3562,3562.3
202011201506,3562,3562.4,3561.5,3562.4,3562.3,3562.8,3562,3562.8
202011201507,3562.4,3562.7,3562.4,3562.4,3562.8,3563.1,3562.8,3562.8
202011201508,3562.4,3562.5,3562.2,3562.5,3562.8,3562.9,3562.7,3562.8
202011201509,3562.5,3562.9,3562.2,3562.9,3562.8,3563.3,3562.8,3563.3
202011201510,3562.9,3563.1,3562.3,3562.9,3563.3,3563.6,3562.8,3563.3
202011201511,3562.9,3563.2,3562.9,3563.1,3563.3,3563.6,3563.3,3563.6
202011201512,3563.1,3563.1,3562.5,3562.7,3563.6,3563.6,3563,3563.2
202011201513,3562.7,3563,3562.5,3562.5,3563.2,3563.4,3562.8,3563
202011201514,3562.5,3563,3562.4,3562.9,3563,3563.6,3562.8,3563.5
202011201515,3562.9,3563.4,3562.7,3563.2,3563.5,3563.8,3563.2,3563.8
202011201516,3563.2,3563.4,3563.2,3563.2,3563.8,3563.8,3563.5,3563.5
202011201517,3563.2,3563.3,3562.9,3563,3563.5,3563.6,3563.3,3563.4
202011201518,3563,3563.3,3562.9,3563,3563.4,3563.6,3563.3,3563.3
202011201519,3563,3563,3561.9,3562.2,3563.3,3563.3,3562.3,3562.6
202011201520,3562.2,3562.2,3561.2,3561.4,3562.6,3562.6,3561.6,3561.8
202011201521,3561.4,3561.4,3559.2,3560,3561.8,3561.8,3559.8,3560.5
202011201522,3560,3560.9,3560,3560.8,3560.5,3561.3,3560.5,3561.3
202011201523,3560.8,3560.9,3559.5,3559.7,3561.3,3561.3,3560,3560.3
202011201524,3559.7,3559.9,3558.9,3559,3560.3,3560.3,3559.4,3559.4
202011201525,3559,3560.2,3559,3560,3559.4,3560.6,3559.4,3560.5
202011201526,3560,3560,3559.2,3559.3,3560.5,3560.5,3559.7,3559.8
202011201527,3559.3,3559.7,3559.2,3559.3,3559.8,3560.3,3559.7,3559.7
202011201528,3559.3,3559.7,3559,3559.4,3559.7,3560.1,3559.5,3559.8
202011201529,3559.4,3559.4,3558.8,3559.2,3559.8,3559.8,3559.3,3559.6
202011201530,3559.1,3559.5,3558.9,3559,3559.5,3559.8,3559.4,3559.6
202011201531,3559,3560.2,3559,3560.1,3559.6,3560.6,3559.5,3560.5
202011201532,3560.1,3561.4,3560,3560.9,3560.5,3561.8,3560.5,3561.5
202011201533,3560.9,3561.8,3560.9,3561.8,3561.5,3562.1,3561.3,3562.1
202011201534,3561.8,3562.5,3561.8,3561.9,3562.1,3562.8,3562.1,3562.5
202011201535,3561.9,3562,3561.7,3561.9,3562.5,3562.5,3562.2,3562.5
202011201536,3562,3562.5,3561.9,3562,3562.4,3562.8,3562.4,3562.5
202011201537,3562,3562.7,3561.9,3562.7,3562.6,3563.1,3562.4,3563.1
202011201538,3562.7,3563,3562.5,3562.9,3563.1,3563.3,3563,3563.3
202011201539,3562.9,3563.5,3562.7,3563.4,3563.3,3563.8,3563.1,3563.8
202011201540,3563.4,3564,3563.2,3563.9,3563.8,3564.3,3563.6,3564.3
202011201541,3563.9,3564,3563.2,3563.9,3564.3,3564.3,3563.5,3564.3
202011201542,3563.9,3564.2,3563.7,3563.7,3564.3,3564.6,3564.3,3564.3
202011201543,3563.7,3564,3563.5,3563.5,3564.3,3564.4,3564,3564
202011201544,3563.4,3563.5,3562.9,3562.9,3564,3564,3563.5,3563.5
202011201545,3562.9,3564.1,3562.9,3564.1,3563.5,3564.5,3563.5,3564.5
202011201546,3564.1,3564.2,3562.9,3563.2,3564.5,3564.7,3563.3,3563.7
202011201547,3563.2,3563.2,3562.7,3562.7,3563.7,3563.8,3563,3563
202011201548,3562.7,3563.2,3562.2,3562.4,3563,3563.6,3562.8,3562.8
202011201549,3562.4,3562.9,3562.4,3562.7,3562.8,3563.3,3562.8,3563.1
202011201550,3562.7,3563.2,3562.7,3562.7,3563.1,3563.6,3563.1,3563.1
202011201551,3562.7,3562.7,3562.2,3562.4,3563.1,3563.2,3562.8,3562.8
202011201552,3562.4,3562.5,3560.8,3561,3562.8,3563.1,3561.3,3561.3
202011201553,3561,3561.9,3560.7,3561.7,3561.3,3562.3,3561.1,3562.1
202011201554,3561.7,3562.5,3561.2,3562.4,3562.1,3563,3561.8,3562.8
202011201555,3562.4,3562.4,3561.9,3562,3562.8,3562.8,3562.5,3562.6
202011201556,3562,3562.2,3562,3562.2,3562.6,3562.8,3562.5,3562.6
202011201557,3562.2,3562.2,3561.9,3562,3562.6,3562.6,3562.3,3562.4
202011201558,3561.9,3562.1,3561.4,3561.7,3562.3,3562.6,3561.8,3562.3
202011201559,3561.7,3561.8,3561.2,3561.7,3562.3,3562.3,3561.5,3562.1
202011201600,3561.7,3562.5,3561.6,3562.2,3562.1,3563.1,3562,3562.6
202011201601,3562.2,3562.2,3561.2,3561.7,3562.6,3562.6,3561.5,3562.3
202011201602,3561.7,3564.2,3561.7,3564,3562.3,3564.8,3562.1,3564.5
202011201603,3564,3565.2,3563.9,3565.2,3564.5,3565.6,3564.5,3565.6
202011201604,3565.2,3565.4,3564.9,3565,3565.6,3565.8,3565.3,3565.3
202011201605,3565,3565,3563.2,3563.7,3565.3,3565.3,3563.6,3564.1
202011201606,3563.7,3563.7,3562.9,3563,3564.1,3564.2,3563.3,3563.5
202011201607,3563,3563.2,3561.2,3561.2,3563.5,3563.6,3561.6,3561.8
202011201608,3561.2,3562.2,3561.2,3561.8,3561.8,3562.6,3561.8,3562.2
202011201609,3561.7,3561.8,3560.9,3561.2,3562.1,3562.3,3561.5,3561.6
202011201610,3561.2,3561.2,3559.9,3560.4,3561.6,3561.6,3560.3,3560.8
202011201611,3560.4,3560.4,3559.4,3559.5,3560.8,3560.8,3559.9,3560.1
202011201612,3559.5,3559.7,3559.3,3559.7,3560,3560.1,3559.8,3560.1
202011201613,3559.7,3560.4,3559.5,3560.4,3560.1,3560.8,3560,3560.8
202011201614,3560.4,3561.3,3560.4,3560.7,3560.8,3561.8,3560.8,3561.3
202011201615,3560.7,3561.2,3560.4,3561.2,3561.3,3561.8,3560.8,3561.6
202011201616,3561.2,3562.2,3561,3562.2,3561.6,3562.8,3561.5,3562.8
202011201617,3562.2,3562.5,3561.9,3562.2,3562.8,3562.8,3562.3,3562.7
202011201618,3562.2,3563.5,3562.2,3563.5,3562.7,3563.8,3562.7,3563.8
202011201619,3563.5,3563.7,3563.2,3563.2,3563.8,3564.1,3563.6,3563.6
202011201620,3563.2,3563.2,3562.2,3562.2,3563.6,3563.7,3562.6,3562.6
202011201621,3562.2,3562.3,3562,3562,3562.6,3562.8,3562.3,3562.6
202011201622,3562,3562.2,3561.9,3562.2,3562.6,3562.8,3562.3,3562.6
202011201623,3562.2,3562.7,3561.9,3562.5,3562.6,3563.1,3562.4,3563
202011201624,3562.5,3562.7,3562.4,3562.7,3563,3563.1,3562.8,3563
202011201625,3562.7,3563.2,3562.5,3563.2,3563,3563.6,3563,3563.6
202011201626,3563.2,3563.5,3562.9,3563.3,3563.6,3563.8,3563.4,3563.8
202011201627,3563.3,3564,3563.1,3563.1,3563.8,3564.4,3563.5,3563.5
202011201628,3563.1,3563.7,3562.9,3563.2,3563.5,3564,3563.5,3563.8
202011201629,3563.2,3563.5,3562.5,3562.7,3563.8,3564,3563,3563.2
202011201630,3562.6,3564.1,3562.6,3564,3563.2,3564.6,3563.2,3564.4
202011201631,3563.9,3564.2,3563.4,3564,3564.3,3564.6,3564,3564.6
202011201632,3564,3564.6,3563.9,3564.2,3564.6,3565,3564.4,3564.7
202011201633,3564.2,3564.7,3564.2,3564.7,3564.7,3565,3564.6,3565
202011201634,3564.7,3564.7,3563.4,3563.4,3565,3565,3563.8,3563.8
202011201635,3563.4,3563.5,3562.7,3562.7,3563.8,3563.8,3563.3,3563.3
202011201636,3562.7,3563,3562.4,3562.4,3563.3,3563.5,3562.8,3562.8
202011201637,3562.5,3562.7,3562.2,3562.4,3562.9,3563.1,3562.6,3563
202011201638,3562.4,3563.2,3562.4,3563.2,3563,3563.6,3563,3563.6
202011201639,3563.2,3563.5,3562.9,3563.3,3563.6,3564,3563.4,3563.8
202011201640,3563.3,3563.4,3562.4,3562.4,3563.9,3563.9,3562.9,3563
202011201641,3562.4,3562.6,3561.9,3561.9,3563,3563.1,3562.3,3562.3
202011201642,3562,3563,3562,3562.5,3562.4,3563.5,3562.4,3562.8
202011201643,3562.5,3562.5,3561.9,3562.5,3562.8,3562.8,3562.4,3562.8
202011201644,3562.5,3562.6,3562,3562.4,3562.8,3563.1,3562.5,3562.8
202011201645,3562.4,3562.7,3562.4,3562.5,3562.8,3563.1,3562.8,3563
202011201646,3562.5,3562.6,3562,3562.3,3563,3563.1,3562.5,3562.8
202011201647,3562.3,3562.6,3562,3562.3,3562.8,3563,3562.3,3562.8
202011201648,3562.3,3562.3,3562,3562,3562.8,3562.8,3562.3,3562.3
202011201649,3562,3562.2,3561.7,3562.1,3562.3,3562.6,3562.1,3562.5
202011201650,3562.1,3562.2,3560.9,3561.1,3562.5,3562.6,3561.4,3561.6
202011201651,3561.1,3562.5,3561,3562,3561.6,3563,3561.4,3562.6
202011201652,3562,3563.2,3562,3562.9,3562.6,3563.6,3562.5,3563.3
202011201653,3563,3563.7,3562.9,3563.1,3563.4,3564.1,3563.4,3563.5
202011201654,3563.1,3563.9,3563.1,3563.4,3563.5,3564.3,3563.5,3563.8
202011201655,3563.4,3563.4,3562.5,3563.2,3563.8,3563.8,3563,3563.6
202011201656,3563.2,3563.2,3561.9,3562,3563.6,3563.6,3562.3,3562.3
202011201657,3562,3562,3561,3562,3562.3,3562.6,3561.5,3562.5
202011201658,3562,3562.2,3561.7,3562,3562.5,3562.6,3562.1,3562.5
202011201659,3562,3562.2,3561.2,3561.7,3562.5,3562.8,3561.7,3562.2
202011201700,3561.7,3561.9,3560,3560,3562.2,3562.3,3560.4,3560.5
202011201701,3560.3,3561.7,3560,3561.7,3560.6,3562.3,3560.4,3562.3
202011201702,3561.8,3562.5,3561,3562.2,3562.3,3563.1,3561.5,3562.8
202011201703,3562.2,3563.4,3562.2,3563.2,3562.8,3563.8,3562.8,3563.5
202011201704,3563.2,3565.4,3563.2,3565.2,3563.5,3565.8,3563.5,3565.8
202011201705,3565.2,3565.8,3563.5,3563.5,3565.6,3566.3,3564.1,3564.1
202011201706,3563.5,3564.7,3562.9,3563.2,3564.1,3565.3,3563.5,3563.5
202011201707,3563.2,3564.2,3563.2,3563.7,3563.5,3564.6,3563.5,3564.3
202011201708,3563.7,3564.2,3563,3563.2,3564.3,3564.5,3563.5,3563.5
202011201709,3563.2,3563.2,3562,3562.2,3563.5,3563.5,3562.3,3562.8
202011201710,3562.3,3563,3562.1,3562.2,3562.8,3563.6,3562.5,3562.8
202011201711,3562.2,3562.3,3561.4,3561.9,3562.8,3562.8,3561.9,3562.5
202011201712,3561.9,3562.2,3560.7,3560.9,3562.5,3562.7,3561.3,3561.3
202011201713,3560.9,3561.5,3560.7,3561.4,3561.3,3561.9,3561.2,3561.8
202011201714,3561.5,3563.1,3561.2,3562.5,3562,3563.6,3561.8,3563
202011201715,3562.5,3566.5,3562.2,3566.5,3563,3566.8,3562.8,3566.8
202011201716,3566.5,3566.8,3565.7,3566.2,3566.8,3567.3,3566.3,3566.6
202011201717,3566.1,3566.1,3565.2,3565.2,3566.5,3566.6,3565.6,3565.8
202011201718,3565.2,3565.8,3564.9,3565.8,3565.8,3566.3,3565.5,3566.3
202011201719,3565.8,3566.1,3565,3565,3566.3,3566.6,3565.5,3565.5
202011201720,3565,3565.5,3564.7,3564.7,3565.5,3566.1,3565,3565
202011201721,3564.7,3565.3,3564.2,3565.3,3565,3565.8,3564.7,3565.7
202011201722,3565.4,3566,3565.2,3565.5,3565.8,3566.5,3565.6,3565.9
202011201723,3565.5,3565.9,3565.2,3565.5,3565.9,3566.3,3565.6,3566.1
202011201724,3565.5,3565.6,3564.2,3564.2,3566.1,3566.1,3564.8,3564.8
202011201725,3564.2,3564.6,3563.9,3564.1,3564.8,3565,3564.3,3564.5
202011201726,3564.1,3565,3563.4,3564.5,3564.5,3565.6,3563.9,3565.1
202011201727,3564.5,3565.6,3564.5,3565,3565.1,3566.1,3564.8,3565.5
202011201728,3565,3565.3,3564.7,3564.8,3565.5,3565.8,3565.3,3565.3
202011201729,3564.7,3565.2,3564.6,3565,3565.1,3565.6,3565,3565.4
202011201730,3564.9,3565.5,3564.7,3565.2,3565.3,3565.9,3565.2,3565.8
202011201731,3565.2,3566,3564.9,3565.2,3565.8,3566.3,3565.4,3565.6
202011201732,3565.2,3566.2,3565,3566.1,3565.8,3566.8,3565.5,3566.5
202011201733,3566.1,3566.2,3565.2,3565.3,3566.5,3566.8,3565.8,3565.8
202011201734,3565.3,3565.7,3564.9,3565,3565.8,3566,3565.3,3565.5
202011201735,3565,3565.5,3564.5,3564.7,3565.5,3565.8,3564.9,3565
202011201736,3564.7,3564.7,3563.9,3564,3565,3565,3564.2,3564.3
202011201737,3564,3564.3,3563.9,3564,3564.3,3564.8,3564.3,3564.5
202011201738,3564,3564.7,3564,3564.5,3564.5,3565,3564.4,3564.8
202011201739,3564.5,3565.5,3564.5,3565.4,3564.8,3565.8,3564.8,3565.8
202011201740,3565.4,3565.5,3564.9,3565.2,3565.8,3565.9,3565.5,3565.5
202011201741,3565.2,3567.6,3565.1,3567.6,3565.5,3568,3565.5,3568
202011201742,3567.6,3567.9,3567.2,3567.3,3568,3568.3,3567.5,3567.6
202011201743,3567.3,3567.3,3565,3565.1,3567.6,3567.6,3565.4,3565.5
202011201744,3565.1,3565.1,3564.2,3565,3565.5,3565.5,3564.6,3565.4
202011201745,3565,3565.7,3564.9,3565.5,3565.4,3566.1,3565.3,3566
202011201746,3565.5,3566.7,3565.5,3566.4,3566,3567.1,3566,3567
202011201747,3566.5,3567.7,3566.2,3567.2,3566.8,3568.3,3566.5,3567.5
202011201748,3567.2,3567.8,3566.6,3566.7,3567.5,3568.3,3567,3567.3
202011201749,3566.7,3566.7,3565.2,3565.7,3567.3,3567.3,3565.8,3566
202011201750,3565.7,3566.7,3565.7,3566.5,3566,3567,3566,3566.9
202011201751,3566.4,3567,3566.2,3566.4,3566.8,3567.3,3566.7,3566.7
202011201752,3566.4,3566.5,3565.9,3566,3566.7,3567,3566.3,3566.6
202011201753,3566,3567,3565.9,3567,3566.6,3567.3,3566.4,3567.3
202011201754,3567,3567.6,3566.6,3567.6,3567.3,3568,3567,3568
202011201755,3567.6,3567.6,3566.9,3567.4,3568,3568.1,3567.3,3567.8
202011201756,3567.4,3567.9,3567.2,3567.5,3567.8,3568.3,3567.7,3567.9
202011201757,3567.5,3568.3,3567.2,3567.5,3567.9,3568.8,3567.8,3568.1
202011201758,3567.5,3568.3,3567.2,3568.3,3568.1,3568.6,3567.7,3568.6
202011201759,3568.3,3568.3,3567.4,3567.7,3568.6,3568.7,3567.8,3568.1
202011201800,3567.7,3567.8,3567,3567,3568.1,3568.3,3567.3,3567.3
202011201801,3567,3567.3,3566.1,3566.1,3567.3,3567.6,3566.5,3566.5
202011201802,3566.1,3566.7,3565.9,3566.4,3566.5,3567.1,3566.2,3566.7
202011201803,3566.4,3567.2,3566.2,3566.5,3566.7,3567.5,3566.7,3567
202011201804,3566.5,3567.5,3566.5,3567.3,3567,3567.8,3567,3567.6
202011201805,3567.2,3567.5,3566.4,3566.7,3567.5,3567.8,3566.8,3567
202011201806,3566.7,3567.3,3566.7,3566.7,3567,3567.8,3567,3567.1
202011201807,3566.7,3566.9,3565.9,3566.5,3567.1,3567.3,3566.4,3566.9
202011201808,3566.5,3566.5,3565.7,3566.1,3566.9,3566.9,3566,3566.5
202011201809,3566.2,3566.4,3564.9,3566.3,3566.6,3566.8,3565.5,3566.6
202011201810,3566.3,3567.2,3565.7,3567,3566.6,3567.6,3566.3,3567.3
202011201811,3567,3567.2,3566.2,3566.3,3567.3,3567.8,3566.6,3566.8
202011201812,3566.2,3566.5,3565.3,3565.4,3566.6,3566.8,3565.8,3565.8
202011201813,3565.5,3566.2,3565.2,3566.2,3565.9,3566.8,3565.7,3566.7
202011201814,3566.2,3566.3,3565.4,3566.2,3566.7,3566.8,3566,3566.8
202011201815,3566.2,3566.3,3565.9,3566.2,3566.8,3566.8,3566.3,3566.7
202011201816,3566.2,3566.4,3565.7,3566,3566.7,3566.8,3566.1,3566.5
202011201817,3566,3566.2,3565.4,3565.6,3566.5,3566.6,3565.8,3566
202011201818,3565.6,3566.5,3565.5,3566.2,3566,3566.8,3566,3566.6
202011201819,3566.1,3566.1,3565.2,3565.6,3566.5,3566.5,3565.7,3566
202011201820,3565.6,3566,3565.4,3565.4,3566,3566.3,3565.9,3566
202011201821,3565.4,3565.8,3565.2,3565.4,3566,3566.1,3565.6,3565.8
202011201822,3565.4,3565.4,3565.2,3565.4,3565.8,3565.8,3565.6,3565.8
202011201823,3565.4,3565.4,3564.7,3565.1,3565.8,3565.8,3565,3565.5
202011201824,3565,3566,3565,3565.8,3565.6,3566.5,3565.5,3566.2
202011201825,3565.7,3565.8,3564.7,3564.8,3566.1,3566.3,3565,3565.3
202011201826,3564.8,3565.8,3564.5,3565.7,3565.3,3566.3,3565,3566.3
202011201827,3565.7,3569,3565.7,3569,3566.3,3569.3,3566.3,3569.3
202011201828,3569,3572.2,3569,3571.2,3569.3,3572.6,3569.3,3571.5
202011201829,3571.2,3574.2,3571.2,3574,3571.5,3574.5,3571.5,3574.4
202011201830,3574,3574.7,3571.2,3571.5,3574.5,3575.2,3571.6,3571.9
202011201831,3571.4,3571.5,3571.2,3571.5,3571.7,3572.1,3571.6,3572
202011201832,3571.5,3573,3571.5,3573,3572,3573.3,3571.8,3573.3
202011201833,3572.9,3573.1,3572.2,3572.7,3573.2,3573.5,3572.8,3573
202011201834,3572.7,3573.5,3572.5,3573,3573,3574,3573,3573.3
202011201835,3573,3573,3572.5,3572.6,3573.3,3573.6,3573,3573
202011201836,3572.6,3573,3572.4,3572.4,3573,3573.5,3572.9,3573
202011201837,3572.4,3573.8,3572.2,3573,3573,3574.3,3572.5,3573.4
202011201838,3572.9,3574.1,3572.9,3573.5,3573.3,3574.6,3573.3,3573.9
202011201839,3573.5,3574.6,3573.4,3574,3573.9,3575.1,3573.8,3574.4
202011201840,3573.8,3575.2,3573.3,3575,3574.3,3575.8,3573.7,3575.4
202011201841,3575,3575.3,3574.7,3575.3,3575.4,3575.8,3575.1,3575.6
202011201842,3575.2,3575.2,3574.7,3574.9,3575.5,3575.6,3575,3575.2
202011201843,3575,3575.4,3574.7,3575.3,3575.3,3575.8,3575.2,3575.8
202011201844,3575.3,3575.3,3574.5,3574.8,3575.8,3575.8,3574.9,3575.1
202011201845,3574.8,3575.3,3574.2,3574.3,3575.1,3575.8,3574.7,3574.7
202011201846,3574.3,3576.2,3574.3,3576.2,3574.7,3576.5,3574.7,3576.5
202011201847,3576.2,3576.2,3574.7,3575.1,3576.5,3576.6,3575.2,3575.5
202011201848,3575.1,3576.1,3575.1,3575.7,3575.5,3576.6,3575.5,3576.1
202011201849,3575.7,3575.7,3574.7,3574.8,3576.1,3576.1,3575.1,3575.1
202011201850,3574.7,3575,3574.1,3575,3575,3575.4,3574.5,3575.3
202011201851,3575,3575,3573.9,3574.2,3575.3,3575.3,3574.5,3574.5
202011201852,3574.2,3574.9,3573.9,3574.9,3574.5,3575.3,3574.2,3575.2
202011201853,3575,3575.2,3573.9,3574,3575.3,3575.6,3574.3,3574.3
202011201854,3573.9,3574,3573.2,3573.9,3574.2,3574.5,3573.7,3574.2
202011201855,3573.9,3573.9,3572.7,3573,3574.2,3574.3,3573.2,3573.3
202011201856,3572.9,3572.9,3572.2,3572.8,3573.2,3573.3,3572.6,3573.3
202011201857,3572.8,3573.2,3572.4,3572.6,3573.3,3573.5,3572.9,3573
202011201858,3572.6,3572.7,3572.5,3572.5,3573,3573.3,3572.8,3572.9
202011201859,3572.5,3573,3572.2,3572.2,3572.9,3573.4,3572.7,3572.8
202011201900,3572.2,3572.8,3571.7,3572,3572.8,3573.1,3572.1,3572.4
202011201901,3572,3572.3,3571.7,3572.1,3572.4,3572.7,3572.3,3572.5
202011201902,3572.1,3573,3571.7,3572.5,3572.5,3573.3,3572,3573
202011201903,3572.5,3573.3,3572.5,3573,3573,3573.6,3573,3573.5
202011201904,3573,3573.3,3572.2,3573,3573.5,3573.7,3572.5,3573.3
202011201905,3573,3573,3572.2,3572.5,3573.3,3573.3,3572.5,3572.8
202011201906,3572.5,3573.6,3572.5,3573.2,3572.8,3574,3572.8,3573.8
202011201907,3573.2,3573.9,3573.2,3573.2,3573.8,3574.3,3573.5,3573.6
202011201908,3573.2,3573.4,3572.2,3572.5,3573.6,3573.8,3572.7,3572.8
202011201909,3572.5,3572.5,3571.2,3572.2,3572.8,3573,3571.6,3572.5
202011201910,3572.2,3572.2,3571.5,3572,3572.5,3572.5,3571.8,3572.5
202011201911,3572,3572.1,3571.2,3572,3572.5,3572.6,3571.5,3572.5
202011201912,3572,3572.6,3571.6,3572.5,3572.5,3573,3572,3572.9
202011201913,3572.5,3574.2,3572.2,3574.2,3572.9,3574.8,3572.7,3574.8
202011201914,3574,3575.2,3573.4,3575,3574.6,3575.5,3574,3575.5
202011201915,3575,3575.2,3574.4,3574.9,3575.5,3575.6,3574.9,3575.3
202011201916,3574.9,3574.9,3574,3574.2,3575.3,3575.3,3574.3,3574.5
202011201917,3574.1,3574.3,3573.5,3573.8,3574.5,3574.8,3574,3574.1
202011201918,3573.8,3573.8,3573.5,3573.5,3574.1,3574.3,3573.9,3573.9
202011201919,3573.5,3573.6,3573,3573.3,3573.9,3574.1,3573.3,3573.8
202011201920,3573.3,3573.5,3573,3573.2,3573.8,3573.8,3573.3,3573.7
202011201921,3573.2,3574,3573.2,3573.7,3573.7,3574.5,3573.7,3574
202011201922,3573.7,3573.7,3573.2,3573.5,3574,3574.1,3573.7,3574
202011201923,3573.5,3573.7,3573.2,3573.2,3574,3574.1,3573.5,3573.7
202011201924,3573.2,3574.2,3573.2,3573.9,3573.7,3574.5,3573.7,3574.3
202011201925,3573.9,3575.1,3573.7,3575.1,3574.3,3575.5,3574,3575.5
202011201926,3574.9,3575.4,3574.9,3575.2,3575.3,3575.8,3575.3,3575.6
202011201927,3575.2,3575.6,3575.2,3575.5,3575.6,3576,3575.6,3576
202011201928,3575.5,3576.4,3575.4,3575.8,3576,3576.8,3575.8,3576.3
202011201929,3575.8,3576.5,3575.4,3575.5,3576.3,3577,3575.8,3576
202011201930,3575.5,3576.3,3575.4,3576.2,3576,3576.8,3575.9,3576.7
202011201931,3576.2,3576.7,3575.2,3575.2,3576.7,3577.3,3575.5,3575.5
202011201932,3575.2,3575.4,3574.7,3575,3575.5,3575.8,3575.2,3575.3
202011201933,3575,3575.2,3574.7,3574.7,3575.3,3575.6,3575.2,3575.3
202011201934,3574.7,3575.1,3574.7,3575,3575.3,3575.6,3575,3575.4
202011201935,3575,3575.8,3575,3575.7,3575.4,3576.3,3575.4,3576.1
202011201936,3575.6,3576.2,3575.6,3576.2,3576,3576.8,3576,3576.7
202011201937,3576.2,3576.7,3576.1,3576.2,3576.7,3577,3576.5,3576.5
202011201938,3576.2,3576.2,3575.4,3575.7,3576.5,3576.5,3575.9,3576.1
202011201939,3575.7,3576.6,3575.7,3576.2,3576.1,3577,3576.1,3576.7
202011201940,3576.2,3577,3576.2,3576.2,3576.8,3577.3,3576.6,3576.8
202011201941,3576.2,3576.6,3575.5,3575.7,3576.8,3577,3576,3576.3
202011201942,3575.7,3576,3575.4,3576,3576.3,3576.6,3575.8,3576.5
202011201943,3576,3576.9,3575.9,3576.7,3576.5,3577.3,3576.3,3577
202011201944,3576.7,3577.6,3576.3,3577.5,3577,3578,3576.7,3578
202011201945,3577.5,3577.6,3576.9,3577.5,3578,3578,3577.5,3578
202011201946,3577.5,3577.7,3576.9,3577.2,3578,3578,3577.4,3577.8
202011201947,3577.2,3577.7,3577,3577.5,3577.8,3578,3577.5,3577.8
202011201948,3577.5,3578.7,3577.2,3578.5,3577.8,3579,3577.7,3578.9
202011201949,3578.5,3579.4,3578.2,3579.4,3578.9,3579.8,3578.8,3579.7
202011201950,3579.5,3579.6,3578.2,3579.1,3579.8,3580,3578.7,3579.5
202011201951,3579.4,3579.5,3579.2,3579.2,3579.7,3580,3579.5,3579.5
202011201952,3579.3,3579.3,3578.2,3579,3579.6,3579.8,3578.6,3579.4
202011201953,3579,3579.5,3578.9,3579,3579.4,3580,3579.2,3579.3
202011201954,3579,3579,3577.4,3577.5,3579.3,3579.5,3577.8,3577.9
202011201955,3577.5,3577.6,3576.4,3576.7,3577.9,3577.9,3576.8,3577
202011201956,3576.7,3577.1,3576.5,3576.8,3577,3577.5,3576.9,3577.2
202011201957,3576.8,3576.8,3576,3576.2,3577.2,3577.3,3576.4,3576.8
202011201958,3576.2,3576.5,3576,3576,3576.8,3576.8,3576.3,3576.5
202011201959,3576,3576.3,3575.9,3576.2,3576.5,3576.8,3576.2,3576.5
202011202000,3576.1,3576.6,3575.7,3575.8,3576.5,3577,3576.1,3576.1
202011202001,3575.7,3575.7,3574.1,3574.5,3576,3576,3574.5,3575
202011202002,3574.5,3575.4,3574,3575.4,3575,3575.7,3574.5,3575.7
202011202003,3575.4,3575.9,3575.2,3575.9,3575.7,3576.3,3575.7,3576.2
202011202004,3576,3576,3574.2,3574.9,3576.3,3576.3,3574.7,3575.5
202011202005,3574.9,3575.5,3574.8,3575.5,3575.5,3576,3575.3,3576
202011202006,3575.5,3576,3575,3575.6,3575.8,3576.6,3575.3,3576
202011202007,3575.6,3576.3,3575.6,3575.8,3576,3576.8,3576,3576.2
202011202008,3575.8,3576,3575.3,3576,3576.2,3576.3,3575.7,3576.3
202011202009,3576,3576.2,3575.4,3575.7,3576.4,3576.6,3575.9,3576
202011202010,3575.7,3575.8,3575.4,3575.6,3576,3576.3,3575.8,3576
202011202011,3575.6,3576,3575.4,3575.5,3576,3576.3,3575.7,3576
202011202012,3575.5,3576.1,3575.4,3576,3576,3576.5,3575.7,3576.4
202011202013,3576,3576.5,3576,3576.3,3576.4,3577,3576.3,3576.7
202011202014,3576.5,3576.8,3576.4,3576.4,3576.9,3577.3,3576.7,3576.7
202011202015,3576.4,3576.4,3576,3576.4,3576.7,3576.8,3576.3,3576.7
202011202016,3576.5,3576.7,3576.5,3576.5,3576.8,3577,3576.8,3576.8
202011202017,3576.5,3576.7,3575,3575.2,3576.8,3577.1,3575.3,3575.5
202011202018,3575.3,3575.3,3574.5,3574.8,3575.6,3575.6,3574.8,3575.2
202011202019,3574.8,3576.2,3574.7,3575.9,3575.2,3576.5,3575,3576.5
202011202020,3575.9,3576.3,3575.9,3576.3,3576.5,3576.6,3576.2,3576.6
202011202021,3576.2,3576.7,3575.7,3575.7,3576.5,3577,3576.2,3576.3
202011202022,3575.7,3576.8,3575.7,3576.8,3576.3,3577.3,3576,3577.1
202011202023,3576.8,3576.8,3576.2,3576.2,3577.1,3577.2,3576.7,3576.8
202011202024,3576.2,3576.2,3574.7,3575.2,3576.6,3576.8,3575.2,3575.6
202011202025,3575.2,3575.2,3574.2,3574.8,3575.6,3575.6,3574.6,3575.2
202011202026,3574.8,3575.1,3574.2,3574.3,3575.2,3575.5,3574.8,3574.8
202011202027,3574.3,3574.9,3573.9,3574.8,3574.8,3575.3,3574.4,3575.2
202011202028,3574.8,3575,3574.2,3574.4,3575.2,3575.3,3574.7,3574.8
202011202029,3574.4,3574.6,3574.2,3574.5,3574.8,3575.1,3574.7,3575.1
202011202030,3574.5,3575.3,3574.2,3575.2,3575.1,3575.8,3574.7,3575.8
202011202031,3575.2,3576.1,3575.2,3576,3575.8,3576.6,3575.7,3576.5
202011202032,3576,3576.6,3576,3576.4,3576.5,3577.1,3576.3,3576.7
202011202033,3576.5,3576.5,3575.9,3576.4,3576.8,3577,3576.5,3577
202011202034,3576.4,3576.8,3576.2,3576.5,3577,3577.1,3576.7,3577
202011202035,3576.5,3576.8,3576.4,3576.7,3577,3577.2,3576.8,3577
202011202036,3576.7,3576.7,3576.2,3576.2,3577,3577,3576.5,3576.8
202011202037,3576.5,3576.7,3576.2,3576.5,3576.8,3577,3576.8,3576.9
202011202038,3576.5,3576.9,3576.2,3576.6,3576.9,3577.2,3576.5,3577
202011202039,3576.6,3577.1,3576.4,3577.1,3577,3577.5,3576.8,3577.4
202011202040,3577.2,3577.2,3575.5,3576.3,3577.5,3577.5,3575.8,3576.7
202011202041,3576.2,3576.2,3575.5,3576.1,3576.6,3576.6,3575.9,3576.5
202011202042,3576.1,3576.2,3575.7,3575.7,3576.5,3576.8,3576,3576.3
202011202043,3575.7,3575.7,3575.2,3575.2,3576.3,3576.3,3575.6,3575.6
202011202044,3575.2,3575.8,3575,3575.8,3575.6,3576.3,3575.5,3576.2
202011202045,3575.8,3577.2,3575.4,3577,3576.2,3577.5,3575.9,3577.5
202011202046,3577.2,3578.2,3577.2,3578.2,3577.5,3578.6,3577.5,3578.5
202011202047,3578.2,3578.5,3577.5,3577.6,3578.5,3579,3578,3578.1
202011202048,3577.6,3577.6,3577.5,3577.5,3578.1,3578.1,3577.8,3577.8
202011202049,3577.5,3577.7,3577.5,3577.5,3577.8,3578,3577.8,3577.9
202011202050,3577.5,3577.9,3577.5,3577.8,3577.9,3578.3,3577.8,3578.1
202011202051,3577.8,3578,3577.4,3578,3578.1,3578.5,3577.9,3578.5
202011202052,3578,3578.7,3578,3578.5,3578.5,3579,3578.5,3579
202011202053,3578.5,3578.7,3578.5,3578.6,3579,3579,3578.8,3578.9
202011202054,3578.7,3578.7,3578.5,3578.7,3579,3579,3578.8,3579
202011202055,3578.7,3578.8,3578.3,3578.5,3579,3579.3,3578.7,3578.8
202011202056,3578.5,3578.8,3578.4,3578.7,3578.8,3579.3,3578.7,3579.2
202011202057,3578.7,3579.3,3578.7,3579.3,3579.2,3579.6,3579,3579.6
202011202058,3579.3,3579.6,3579.3,3579.6,3579.6,3580,3579.6,3579.9
202011202059,3579.6,3581.5,3579.5,3581.5,3579.9,3581.8,3579.9,3581.8
202011202100,3581.5,3581.5,3580.1,3580.6,3581.8,3581.8,3580.5,3580.9
202011202101,3580.5,3581,3580,3580,3580.8,3581.3,3580.4,3580.5
202011202102,3580,3580.7,3580,3580.5,3580.5,3581,3580.3,3580.8
202011202103,3580.5,3581.1,3580.5,3581,3580.8,3581.5,3580.8,3581.3
202011202104,3580.8,3581.2,3580.1,3581,3581.2,3581.5,3580.5,3581.5
202011202105,3581,3581.4,3581,3581.4,3581.5,3581.7,3581.5,3581.7
202011202106,3581.4,3582.2,3581.2,3582,3581.7,3582.5,3581.7,3582.3
202011202107,3582,3582,3581.2,3581.5,3582.3,3582.5,3581.7,3581.8
202011202108,3581.5,3581.9,3581.2,3581.7,3581.8,3582.3,3581.7,3582.3
202011202109,3581.7,3581.8,3580.5,3580.5,3582.3,3582.3,3580.9,3580.9
202011202110,3580.5,3581.2,3580.2,3580.5,3580.9,3581.5,3580.6,3580.8
202011202111,3580.5,3580.8,3579.2,3579.4,3580.8,3581.2,3579.5,3579.8
202011202112,3579.4,3580.3,3579.4,3580.2,3579.8,3580.8,3579.7,3580.5
202011202113,3580.2,3580.6,3580.2,3580.4,3580.5,3581,3580.5,3580.7
202011202114,3580.4,3580.5,3579.5,3580.4,3580.7,3580.8,3580,3580.7
202011202115,3580.4,3580.5,3580,3580.1,3580.7,3580.8,3580.4,3580.4
202011202116,3580.2,3580.2,3579,3579.1,3580.5,3580.5,3579.3,3579.5
202011202117,3579.1,3579.6,3578.9,3579.2,3579.5,3580,3579.2,3579.8
202011202118,3579.2,3579.7,3578.7,3579.1,3579.8,3580,3579.2,3579.4
202011202119,3579.2,3579.2,3577.7,3578.7,3579.5,3579.5,3578.2,3579
202011202120,3578.7,3578.7,3578.2,3578.4,3579,3579,3578.5,3578.7
202011202121,3578.4,3578.5,3578.2,3578.4,3578.7,3579,3578.6,3578.7
202011202122,3578.4,3578.5,3578.1,3578.2,3578.7,3579,3578.5,3578.5
202011202123,3578.2,3578.2,3577.7,3578.2,3578.5,3578.5,3578.2,3578.5
202011202124,3578.2,3578.6,3578.2,3578.4,3578.5,3579,3578.5,3578.7
202011202125,3578.4,3578.7,3578.4,3578.5,3578.7,3579,3578.7,3578.8
202011202126,3578.5,3578.7,3578.2,3578.5,3578.8,3579,3578.6,3578.8
202011202127,3578.4,3578.5,3578.2,3578.5,3578.7,3578.8,3578.6,3578.8
202011202128,3578.5,3579.4,3578.2,3579.4,3578.8,3579.7,3578.6,3579.7
202011202129,3579.2,3579.3,3578.7,3579,3579.8,3579.8,3579.2,3579.3
202011202130,3579,3579,3578.5,3578.7,3579.3,3579.5,3578.8,3579
202011202131,3578.7,3579.4,3578.2,3579,3579,3579.7,3578.8,3579.3
202011202132,3578.9,3579.2,3578.7,3578.8,3579.2,3579.5,3579.1,3579.2
202011202133,3578.8,3578.8,3578.7,3578.8,3579.2,3579.3,3579.1,3579.1
202011202134,3578.8,3579.2,3578.7,3579,3579.1,3579.5,3579.1,3579.3
202011202135,3579,3579.2,3578.7,3579.2,3579.3,3579.5,3579.1,3579.5
202011202136,3579.2,3579.5,3579,3579.2,3579.5,3579.8,3579.3,3579.8
202011202137,3579.2,3579.7,3579.2,3579.2,3579.8,3580,3579.5,3579.5
202011202138,3579.3,3579.3,3579,3579,3579.6,3579.6,3579.3,3579.3
202011202139,3579,3579,3577.7,3578.2,3579.3,3579.3,3578.1,3578.5
202011202140,3578.2,3578.2,3576.7,3576.8,3578.5,3578.5,3577.1,3577.1
202011202141,3576.8,3577.2,3576.5,3576.7,3577.1,3577.6,3576.9,3577
202011202142,3576.7,3577.5,3576.5,3577.5,3577,3577.9,3576.9,3577.8
202011202143,3577.4,3577.7,3577.4,3577.5,3577.7,3578,3577.7,3577.8
202011202144,3577.5,3577.9,3577.5,3577.6,3577.8,3578.3,3577.8,3578
202011202145,3577.6,3577.7,3577.2,3577.3,3578,3578,3577.7,3577.7
202011202146,3577.3,3577.4,3576.5,3577.2,3577.7,3577.8,3576.9,3577.5
202011202147,3577.2,3577.8,3577.2,3577.8,3577.5,3578.1,3577.5,3578.1
202011202148,3577.7,3577.8,3576.7,3576.8,3578,3578.2,3577.1,3577.1
202011202149,3576.8,3576.8,3576.5,3576.6,3577.1,3577.3,3576.9,3576.9
202011202150,3576.6,3576.7,3576.5,3576.5,3576.9,3577.1,3576.8,3577
202011202151,3576.5,3576.7,3576.5,3576.5,3577,3577,3576.8,3576.8
202011202152,3576.4,3576.5,3575.9,3576.2,3576.7,3576.8,3576.2,3576.5
202011202153,3576.2,3576.3,3575.5,3575.6,3576.5,3576.8,3575.8,3575.9
202011202154,3575.6,3576.5,3575.5,3576.3,3575.9,3576.8,3575.9,3576.6
202011202155,3576.3,3576.3,3575.8,3576.2,3576.6,3576.6,3576.2,3576.5
202011202156,3576.2,3576.2,3575.7,3576.2,3576.5,3576.5,3576.2,3576.5
202011202157,3576.1,3576.3,3575.7,3576.3,3576.4,3576.8,3576,3576.6
202011202158,3576.2,3576.4,3575.9,3576.3,3576.5,3576.8,3576.3,3576.6
202011202159,3576.2,3576.7,3576,3576.7,3576.5,3577.3,3576.3,3577.3
202011202200,3576.7,3577,3576.2,3576.8,3577.3,3577.3,3576.5,3577.2
202011202201,3576.8,3577,3576.3,3576.3,3577.2,3577.3,3576.6,3576.6
202011202202,3576.3,3576.7,3576,3576.3,3576.6,3577,3576.3,3576.7
202011202203,3576.3,3577.8,3576.2,3577.6,3576.7,3578.1,3576.7,3577.9
202011202204,3577.6,3577.9,3577.6,3577.9,3577.9,3578.3,3577.9,3578.2
202011202205,3577.9,3578.2,3577.5,3577.7,3578.2,3578.6,3577.8,3578
202011202206,3577.8,3578.3,3577.7,3578.3,3578.1,3578.6,3578.1,3578.6
202011202207,3578.2,3579.4,3578,3579,3578.5,3579.8,3578.5,3579.5
202011202208,3579,3579,3578.7,3578.7,3579.5,3579.5,3579,3579.3
202011202209,3578.9,3579.5,3578.5,3579.2,3579.2,3579.8,3579,3579.8
202011202210,3579.2,3579.2,3578.2,3578.4,3579.8,3579.8,3578.5,3578.7
202011202211,3578.4,3578.7,3578.2,3578.4,3578.7,3579,3578.5,3578.7
202011202212,3578.5,3578.7,3578,3578.2,3578.8,3579,3578.5,3578.8
202011202213,3578.2,3578.3,3578,3578,3578.8,3578.8,3578.3,3578.3
202011202214,3578,3578,3577.7,3577.9,3578.3,3578.3,3578.1,3578.2
202011202215,3578,3578.2,3577.7,3578.2,3578.3,3578.5,3578.2,3578.5
202011202216,3578.2,3578.7,3577.7,3577.8,3578.5,3579,3578,3578.2
202011202217,3577.8,3578.1,3577.7,3577.7,3578.2,3578.5,3578,3578
202011202218,3577.7,3577.9,3577.3,3577.4,3578,3578.3,3577.7,3577.7
202011202219,3577.4,3577.6,3577.4,3577.5,3577.7,3578,3577.7,3577.8
202011202220,3577.5,3577.5,3576.2,3577.4,3577.8,3577.8,3576.5,3577.7
202011202221,3577.5,3577.8,3576.9,3577.2,3577.8,3578.1,3577.4,3577.8
202011202222,3577.2,3577.5,3576.8,3577.3,3577.8,3577.8,3577.2,3577.6
202011202223,3577.2,3578,3577.2,3578,3577.5,3578.5,3577.5,3578.3
202011202224,3578,3578.6,3578,3578,3578.3,3579,3578.3,3578.3
202011202225,3578,3578.2,3576.9,3577.2,3578.3,3578.5,3577.2,3577.5
202011202226,3577.3,3577.3,3576.2,3576.4,3577.6,3577.6,3576.6,3576.7
202011202227,3576.4,3576.4,3575.2,3575.3,3576.7,3576.8,3575.6,3575.6
202011202228,3575.3,3575.5,3575.2,3575.2,3575.6,3576,3575.5,3575.5
202011202229,3575.3,3575.5,3574.8,3575.1,3575.6,3576,3575.1,3575.5
202011202230,3575.2,3576,3575,3575.7,3575.5,3576.3,3575.3,3576
202011202231,3575.7,3575.9,3573.5,3574.7,3576,3576.3,3574,3575
202011202232,3574.7,3575.2,3574.5,3575,3575,3575.5,3574.9,3575.4
202011202233,3575,3575.5,3575,3575.3,3575.5,3575.9,3575.3,3575.7
202011202234,3575.3,3575.6,3575.2,3575.4,3575.7,3576,3575.5,3575.7
202011202235,3575.5,3575.6,3574.6,3575,3575.8,3576,3575,3575.5
202011202236,3575,3575.4,3574.7,3575.3,3575.5,3575.9,3575.2,3575.6
202011202237,3575.3,3575.3,3575,3575.3,3575.6,3575.7,3575.4,3575.6
202011202238,3575.3,3575.5,3575,3575.3,3575.6,3575.8,3575.3,3575.6
202011202239,3575.2,3575.2,3574.5,3574.7,3575.5,3575.5,3574.8,3575.3
202011202240,3574.7,3574.8,3573.2,3573.2,3575.3,3575.3,3573.6,3573.8
202011202241,3573.2,3573.7,3573,3573.5,3573.8,3574,3573.3,3573.8
202011202242,3573.6,3573.7,3573,3573.1,3573.9,3574,3573.3,3573.4
202011202243,3573.3,3573.5,3573,3573.3,3573.6,3573.8,3573.3,3573.6
202011202244,3573.2,3573.5,3572.7,3573.3,3573.5,3573.8,3573.1,3573.6
202011202245,3573.3,3573.3,3572.7,3572.9,3573.6,3573.8,3573.2,3573.2
202011202246,3572.9,3573,3572.7,3572.8,3573.2,3573.4,3573.1,3573.2
202011202247,3572.8,3573.3,3572.7,3573.2,3573.2,3573.8,3573.2,3573.8
202011202248,3573.2,3573.6,3573.2,3573.5,3573.8,3574,3573.6,3574
202011202249,3573.5,3574.6,3573.5,3574.2,3574,3575,3573.9,3574.5
202011202250,3574.3,3574.3,3573.7,3574.2,3574.6,3574.6,3574,3574.5
202011202251,3574.2,3574.2,3573.5,3573.8,3574.5,3574.5,3573.9,3574.1
202011202252,3573.7,3574.2,3573.4,3573.5,3574,3574.5,3573.8,3574
202011202253,3573.5,3573.7,3572.7,3572.8,3574,3574,3573,3573.1
202011202254,3572.7,3572.9,3572.5,3572.8,3573,3573.3,3572.8,3573.1
202011202255,3572.8,3572.9,3572,3572.4,3573.1,3573.3,3572.3,3572.7
202011202256,3572.4,3572.7,3572,3572.3,3572.7,3573,3572.3,3572.6
202011202257,3572.2,3572.6,3572.2,3572.3,3572.5,3573,3572.5,3572.6
202011202258,3572.3,3572.6,3571.7,3572,3572.6,3572.9,3572.1,3572.3
202011202259,3572,3572,3570.7,3570.7,3572.3,3572.3,3571,3571.3
202011202300,3570.7,3571.1,3570,3570.2,3571.3,3571.5,3570.3,3570.5
202011202301,3570.2,3570.7,3570,3570.5,3570.5,3571,3570.4,3571
202011202302,3570.5,3572,3570.5,3570.9,3571,3572.3,3570.8,3571.2
202011202303,3571,3571.4,3570.5,3571.4,3571.3,3571.8,3570.8,3571.7
202011202304,3571.5,3572.8,3571,3572.6,3571.8,3573.1,3571.4,3573.1
202011202305,3572.6,3573.5,3572.5,3573.2,3573.1,3573.8,3573,3573.5
202011202306,3573.2,3573.2,3572.7,3573.2,3573.5,3573.5,3573,3573.5
202011202307,3573.2,3573.8,3572.7,3573.6,3573.5,3574.3,3573,3573.9
202011202308,3573.5,3573.5,3572.9,3573.2,3573.8,3573.8,3573.2,3573.5
202011202309,3573.2,3573.2,3572,3572.7,3573.5,3573.5,3572.3,3573.3
202011202310,3572.7,3573.5,3572.7,3573.5,3573.3,3573.8,3573.1,3573.8
202011202311,3573.5,3574.7,3573.5,3574.5,3573.8,3575,3573.8,3574.8
202011202312,3574.5,3574.7,3574,3574.4,3574.8,3575,3574.3,3574.7
202011202313,3574.5,3575,3574.5,3574.6,3574.8,3575.3,3574.8,3575
202011202314,3574.5,3578,3574.5,3576.9,3575,3578.3,3574.9,3577.2
202011202315,3576.9,3577.5,3576.5,3577.1,3577.2,3577.8,3576.8,3577.4
202011202316,3577.3,3577.5,3577,3577.2,3577.6,3577.8,3577.3,3577.5
202011202317,3577.1,3577.2,3576.6,3577,3577.4,3577.5,3576.9,3577.3
202011202318,3577,3577.2,3575.7,3575.8,3577.3,3577.5,3576.1,3576.1
202011202319,3575.7,3576.1,3575.2,3575.5,3576,3576.5,3575.6,3575.9
202011202320,3575.5,3576.2,3575.5,3576.2,3575.9,3576.5,3575.8,3576.5
202011202321,3576.2,3577.3,3576.2,3577.3,3576.5,3577.8,3576.5,3577.7
202011202322,3577.3,3578.4,3577,3578.1,3577.7,3578.8,3577.3,3578.4
202011202323,3578,3578.5,3577.5,3577.5,3578.5,3578.8,3577.8,3577.8
202011202324,3577.5,3577.5,3576.2,3576.5,3577.8,3577.8,3576.6,3576.8
202011202325,3576.5,3576.7,3575.3,3575.4,3576.8,3577,3575.6,3575.7
202011202326,3575.5,3577.9,3575.5,3577.3,3575.8,3578.3,3575.8,3577.6
202011202327,3577.3,3577.5,3576,3576.3,3577.6,3577.8,3576.3,3576.6
202011202328,3576.3,3577.4,3576.2,3577.3,3576.6,3577.7,3576.6,3577.6
202011202329,3577.2,3577.2,3574.8,3575,3577.5,3577.5,3575.1,3575.3
202011202330,3575,3575.4,3571.8,3574,3575.3,3575.7,3572.1,3574.5
202011202331,3574,3575.7,3573.5,3573.8,3574.5,3576,3573.8,3574.1
202011202332,3573.8,3574,3571.5,3573.7,3574.1,3574.3,3571.8,3574.3
202011202333,3573.7,3575.2,3573.5,3573.8,3574.3,3575.8,3573.8,3574.1
202011202334,3573.8,3574.2,3572.2,3573.5,3574.1,3574.5,3572.6,3574
202011202335,3573.2,3573.2,3570.1,3570.8,3573.8,3573.8,3570.4,3571.1
202011202336,3570.7,3572.8,3570.2,3572.3,3571,3573.3,3570.6,3572.6
202011202337,3572.2,3573,3571.2,3572.2,3572.5,3573.3,3571.7,3572.8
202011202338,3572.2,3573.2,3571.5,3572.6,3572.8,3573.5,3571.8,3572.9
202011202339,3572.6,3573.9,3572.2,3573.5,3572.9,3574.3,3572.5,3573.8
202011202340,3573.5,3573.7,3572,3572.7,3573.8,3574,3572.3,3573.3
202011202341,3572.7,3574.2,3572.5,3574,3573.3,3574.5,3572.9,3574.5
202011202342,3574,3574.9,3573.7,3574.7,3574.5,3575.3,3574,3575
202011202343,3574.7,3576.7,3574.5,3576.2,3575,3577,3575,3576.5
202011202344,3576.3,3577.3,3575.7,3576.6,3576.6,3577.7,3576,3576.9
202011202345,3576.4,3576.9,3575,3575.2,3576.7,3577.2,3575.4,3575.5
202011202346,3575.2,3576.2,3574.5,3575.6,3575.5,3576.5,3574.9,3575.9
202011202347,3575.4,3575.6,3573.5,3574,3575.7,3576,3573.8,3574.4
202011202348,3574,3575,3573.9,3574.6,3574.4,3575.3,3574.2,3574.9
202011202349,3574.6,3575.6,3574.6,3574.9,3574.9,3576,3574.9,3575.2
202011202350,3574.9,3575.2,3572.2,3573.2,3575.2,3575.5,3572.7,3573.5
202011202351,3573.2,3573.4,3572,3572.2,3573.5,3573.8,3572.4,3572.8
202011202352,3572.2,3572.8,3571.3,3571.3,3572.8,3573.3,3571.6,3571.6
202011202353,3571.3,3571.9,3570.7,3571.2,3571.6,3572.3,3571.1,3571.5
202011202354,3571.2,3571.2,3568.5,3569.4,3571.5,3571.5,3568.8,3569.7
202011202355,3569.4,3569.9,3567.4,3567.4,3569.7,3570.3,3567.7,3567.7
202011202356,3567.5,3567.7,3566.2,3566.5,3567.8,3568,3566.5,3566.8
202011202357,3566.5,3566.7,3565.6,3566.2,3566.8,3567,3565.9,3566.5
202011202358,3566.2,3568.9,3565.7,3568.6,3566.5,3569.3,3566.1,3568.9
202011202359,3568.6,3570.4,3568.5,3570.4,3569,3570.8,3568.8,3570.7
202011210000,3570.4,3572.2,3570.3,3571.1,3570.7,3572.5,3570.6,3571.4
202011210001,3571,3571.9,3570.5,3571.7,3571.3,3572.2,3570.8,3572
202011210002,3571.7,3571.7,3569.2,3570.1,3572,3572,3569.5,3570.4
202011210003,3570.1,3570.2,3567.5,3568.7,3570.4,3570.5,3567.8,3569
202011210004,3568.7,3570.2,3568.3,3568.8,3569,3570.5,3568.7,3569.1
202011210005,3568.8,3568.9,3568.2,3568.7,3569.1,3569.3,3568.6,3569
202011210006,3568.7,3571.4,3568.7,3570.5,3569,3571.8,3569,3571
202011210007,3570.5,3571.3,3569.6,3569.6,3571,3571.8,3569.9,3569.9
202011210008,3569.5,3569.8,3569,3569.5,3569.8,3570.3,3569.3,3570
202011210009,3569.5,3571.2,3569.2,3570.2,3570,3571.5,3569.6,3570.5
202011210010,3570.2,3571.4,3568.9,3568.9,3570.5,3571.7,3569.2,3569.2
202011210011,3568.7,3569.5,3566.5,3567.3,3569.3,3569.8,3566.8,3567.6
202011210012,3567.3,3567.3,3564,3564,3567.6,3567.7,3564.3,3564.3
202011210013,3564,3565,3563.1,3563.7,3564.3,3565.5,3563.4,3564.3
202011210014,3563.7,3564.1,3563.2,3564,3564.3,3564.5,3563.5,3564.3
202011210015,3564,3564.1,3563,3563.2,3564.3,3564.4,3563.3,3563.5
202011210016,3563.2,3563.6,3562,3562.8,3563.5,3563.9,3562.3,3563.1
202011210017,3562.8,3563.4,3562,3562.7,3563.1,3563.7,3562.3,3563
202011210018,3562.7,3562.8,3562,3562.2,3563,3563.1,3562.3,3562.5
202011210019,3562.2,3563,3562,3562.8,3562.5,3563.3,3562.3,3563.1
202011210020,3562.8,3563.8,3562.5,3563.8,3563.1,3564.2,3562.8,3564.1
202011210021,3563.8,3565.9,3563.7,3565.2,3564.1,3566.2,3564,3565.5
202011210022,3565.3,3567.5,3565.3,3566.7,3565.6,3567.8,3565.6,3567
202011210023,3566.7,3568.5,3566.5,3568.4,3567,3568.8,3566.9,3568.7
202011210024,3568.5,3568.6,3568,3568,3568.8,3568.9,3568.3,3568.3
202011210025,3568,3568,3567.2,3567.9,3568.3,3568.3,3567.5,3568.2
202011210026,3567.9,3568.4,3567.7,3567.7,3568.2,3568.8,3568,3568.3
202011210027,3567.7,3567.9,3567.3,3567.5,3568.3,3568.3,3567.6,3567.8
202011210028,3567.5,3568.2,3567.2,3567.7,3567.8,3568.5,3567.6,3568
202011210029,3567.7,3568,3567.5,3567.9,3568,3568.3,3567.8,3568.2
202011210030,3567.9,3568.5,3567.2,3567.3,3568.2,3568.8,3567.5,3567.6
202011210031,3567.3,3567.3,3563,3563.1,3567.6,3567.6,3563.3,3563.4
202011210032,3563.1,3564.4,3563.1,3563.9,3563.4,3564.7,3563.4,3564.2
202011210033,3563.9,3567,3563.9,3566.9,3564.2,3567.3,3564.2,3567.2
202011210034,3566.9,3567.6,3565.7,3565.8,3567.2,3568,3566.1,3566.1
202011210035,3565.8,3566.5,3565.5,3566.2,3566.1,3566.8,3566,3566.8
202011210036,3566.2,3567.8,3566.2,3567.7,3566.8,3568.3,3566.5,3568
202011210037,3567.7,3569.6,3567.7,3569.5,3568,3569.9,3568,3569.8
202011210038,3569.5,3571.7,3569.3,3571.2,3569.8,3572,3569.6,3571.5
202011210039,3571.2,3571.6,3571,3571,3571.5,3572,3571.4,3571.5
202011210040,3571,3571.4,3570.7,3570.8,3571.5,3571.8,3571,3571.2
202011210041,3570.8,3570.8,3568.7,3568.9,3571.2,3571.3,3569,3569.2
202011210042,3568.9,3569.7,3568.2,3569.1,3569.2,3570,3568.7,3569.4
202011210043,3569.1,3569.2,3567.7,3569.1,3569.4,3569.5,3568,3569.4
202011210044,3569.1,3569.3,3568.2,3568.5,3569.4,3569.8,3568.6,3568.8
202011210045,3568.4,3569.2,3567.2,3567.7,3568.7,3569.5,3567.5,3568
202011210046,3567.7,3567.7,3566,3566.2,3568,3568,3566.5,3566.5
202011210047,3566.2,3566.9,3566,3566.2,3566.5,3567.2,3566.4,3566.8
202011210048,3566.2,3567.4,3566.2,3566.6,3566.8,3567.7,3566.7,3566.9
202011210049,3566.5,3567.2,3566.5,3567,3566.8,3567.5,3566.8,3567.5
202011210050,3567,3568,3567,3568,3567.5,3568.3,3567.3,3568.3
202011210051,3568,3570.2,3567.2,3570.1,3568.3,3570.5,3567.6,3570.4
202011210052,3569.9,3570,3568.5,3568.9,3570.2,3570.3,3568.9,3569.2
202011210053,3568.9,3568.9,3567,3567.2,3569.2,3569.3,3567.3,3567.8
202011210054,3567.2,3568.1,3567.2,3567.8,3567.5,3568.5,3567.5,3568.1
202011210055,3567.8,3568,3565.7,3566.8,3568.1,3568.4,3566.1,3567.1
202011210056,3566.8,3568.7,3566.8,3568.4,3567.1,3569,3567.1,3568.7
202011210057,3568.5,3568.8,3567.7,3567.7,3568.8,3569.2,3568,3568
202011210058,3567.7,3568.3,3567.2,3567.8,3568,3568.8,3567.7,3568.1
202011210059,3567.8,3569,3567.5,3568.7,3568.1,3569.3,3567.8,3569
202011210100,3568.7,3569.5,3568.2,3569.3,3569,3569.8,3568.6,3569.6
202011210101,3569.3,3570.2,3569.2,3570.1,3569.6,3570.5,3569.6,3570.4
202011210102,3570.2,3570.2,3569.5,3569.7,3570.5,3570.5,3569.8,3570
202011210103,3569.7,3570.1,3569.5,3570.1,3570,3570.5,3569.8,3570.4
202011210104,3570.1,3570.9,3570,3570.8,3570.4,3571.3,3570.4,3571.1
202011210105,3570.7,3571.2,3570,3570.7,3571,3571.5,3570.5,3571
202011210106,3570.7,3571.2,3570.2,3570.2,3571,3571.5,3570.5,3570.5
202011210107,3570.3,3571.2,3570.3,3570.8,3570.6,3571.5,3570.6,3571.1
202011210108,3570.8,3573.5,3569.7,3573.2,3571.1,3573.8,3570,3573.5
202011210109,3573.3,3574.9,3573,3573,3573.6,3575.3,3573.3,3573.3
202011210110,3573,3573.6,3572.6,3572.9,3573.3,3574,3572.9,3573.2
202011210111,3573,3573,3572.2,3572.9,3573.3,3573.3,3572.7,3573.2
202011210112,3572.9,3572.9,3572,3572,3573.2,3573.3,3572.3,3572.5
202011210113,3572,3572.9,3571.7,3572.3,3572.5,3573.2,3572.2,3572.6
202011210114,3572.2,3572.4,3571.5,3571.5,3572.5,3572.8,3571.8,3571.8
202011210115,3571.5,3573,3571.2,3572.7,3571.8,3573.3,3571.6,3573
202011210116,3572.7,3572.7,3571.5,3572,3573,3573,3571.9,3572.4
202011210117,3572,3572.7,3571.5,3571.7,3572.4,3573,3571.8,3572
202011210118,3571.7,3571.7,3571,3571.2,3572,3572,3571.3,3571.5
202011210119,3571.4,3571.4,3570.2,3570.5,3571.7,3571.8,3570.5,3570.8
202011210120,3570.5,3571.6,3570,3570.6,3570.8,3572,3570.3,3570.9
202011210121,3570.8,3571,3569.7,3570.4,3571.1,3571.5,3570.1,3570.7
202011210122,3570.4,3571.2,3570.2,3571.2,3570.7,3571.5,3570.5,3571.5
202011210123,3571.2,3572.5,3571.2,3571.5,3571.5,3572.8,3571.5,3572
202011210124,3571.5,3572.9,3571.3,3572.9,3572,3573.2,3571.6,3573.2
202011210125,3573,3574.2,3572.7,3573.3,3573.3,3574.5,3573.1,3573.6
202011210126,3573.3,3573.6,3572.5,3572.7,3573.6,3573.9,3572.8,3573
202011210127,3572.7,3573,3571.7,3572.7,3573,3573.3,3572,3573
202011210128,3572.7,3574.5,3572.2,3573.8,3573.3,3574.8,3572.5,3574.2
202011210129,3573.8,3574.1,3573,3573.2,3574.2,3574.5,3573.3,3573.8
202011210130,3573.2,3573.7,3572.7,3573.5,3573.8,3574,3573.1,3573.8
202011210131,3573.4,3574.5,3573.2,3574.3,3573.7,3574.8,3573.6,3574.8
202011210132,3574.3,3574.6,3572.2,3573.9,3574.8,3574.9,3572.6,3574.2
202011210133,3573.9,3573.9,3572.7,3573.7,3574.2,3574.2,3573,3574
202011210134,3573.7,3574.6,3573.5,3574.6,3574,3575,3573.8,3574.9
202011210135,3574.6,3574.8,3574.2,3574.7,3574.9,3575.1,3574.6,3575
202011210136,3574.7,3575.9,3574.7,3575.5,3575,3576.2,3575,3575.8
202011210137,3575.6,3575.6,3573.7,3573.9,3575.9,3575.9,3574,3574.2
202011210138,3573.9,3575.2,3573.7,3575.2,3574.2,3575.5,3574.1,3575.5
202011210139,3575.2,3575.4,3574.7,3574.9,3575.5,3575.8,3575.2,3575.2
202011210140,3574.9,3575,3574.5,3574.5,3575.2,3575.5,3574.8,3574.8
202011210141,3574.5,3574.6,3573.8,3573.9,3574.8,3575,3574.1,3574.2
202011210142,3573.9,3574,3573.2,3573.5,3574.2,3574.3,3573.7,3573.8
202011210143,3573.5,3573.7,3573.2,3573.3,3573.8,3574,3573.6,3573.6
202011210144,3573.3,3573.3,3572.2,3572.3,3573.6,3573.8,3572.5,3572.6
202011210145,3572.2,3573,3572,3572.1,3572.5,3573.3,3572.4,3572.4
202011210146,3572.2,3572.5,3570.7,3570.7,3572.5,3573,3571,3571
202011210147,3570.7,3571.5,3570.7,3571.3,3571,3571.8,3571,3571.6
202011210148,3571.3,3571.3,3566.7,3568.3,3571.6,3571.6,3567.2,3568.7
202011210149,3568.5,3568.7,3565,3565.2,3568.8,3569.3,3565.3,3565.5
202011210150,3565.2,3568.4,3564.5,3568.3,3565.5,3568.7,3564.8,3568.7
202011210151,3568.3,3568.3,3567.3,3568,3568.7,3568.7,3567.6,3568.4
202011210152,3568,3568.2,3567.5,3568,3568.4,3568.5,3567.8,3568.5
202011210153,3568,3568.2,3567.2,3567.5,3568.5,3568.5,3567.6,3567.8
202011210154,3567.5,3568.1,3567,3567.8,3567.8,3568.5,3567.4,3568.1
202011210155,3567.7,3568.9,3567.7,3568.9,3568,3569.2,3568,3569.2
202011210156,3568.9,3568.9,3568.2,3568.5,3569.2,3569.3,3568.5,3569
202011210157,3568.5,3569,3568.2,3568.8,3569,3569.3,3568.7,3569.2
202011210158,3568.8,3568.9,3568.5,3568.5,3569.2,3569.3,3568.8,3569
202011210159,3568.5,3569.1,3568.5,3569,3569,3569.5,3568.8,3569.3
202011210200,3569,3569,3567,3567.7,3569.3,3569.3,3567.3,3568
202011210201,3567.7,3568.9,3567.2,3568.5,3568.3,3569.3,3567.6,3569
202011210202,3568.5,3570.5,3568.5,3570,3569,3570.8,3569,3570.5
202011210203,3570,3570,3569.2,3569.3,3570.5,3570.5,3569.5,3569.6
202011210204,3569.3,3569.7,3569,3569.3,3569.6,3570,3569.5,3569.6
202011210205,3569.2,3570.2,3569.2,3570,3569.5,3570.5,3569.5,3570.3
202011210206,3570,3570,3569.2,3569.3,3570.3,3570.3,3569.6,3569.6
202011210207,3569.3,3569.7,3569.2,3569.3,3569.6,3570,3569.6,3569.6
202011210208,3569.2,3569.6,3569,3569.6,3569.5,3570,3569.3,3569.9
202011210209,3569.6,3569.7,3568.7,3568.7,3569.9,3570,3569,3569.3
202011210210,3568.9,3569,3567.5,3567.7,3569.2,3569.3,3567.9,3568
202011210211,3567.8,3569,3567.7,3569,3568.1,3569.3,3568.1,3569.3
202011210212,3569,3569.2,3568,3568,3569.3,3569.5,3568.3,3568.3
202011210213,3568,3568.9,3567.5,3568.5,3568.3,3569.3,3567.8,3569
202011210214,3568.5,3568.7,3568,3568.1,3569,3569,3568.3,3568.5
202011210215,3568.1,3568.2,3567,3567,3568.5,3568.5,3567.3,3567.3
202011210216,3567,3567.3,3566.5,3566.8,3567.5,3567.8,3566.8,3567.1
202011210217,3566.7,3567.5,3566.7,3567.4,3567,3567.8,3567,3567.7
202011210218,3567.5,3567.9,3567.5,3567.5,3567.8,3568.3,3567.8,3567.8
202011210219,3567.4,3567.5,3566.7,3567,3567.7,3568,3567.2,3567.3
202011210220,3566.9,3567.9,3566.9,3567.9,3567.2,3568.3,3567.2,3568.2
202011210221,3568,3568.2,3567.5,3567.6,3568.3,3568.5,3567.8,3567.9
202011210222,3567.6,3568.2,3567.2,3567.5,3567.9,3568.5,3567.6,3568
202011210223,3567.5,3567.8,3567.2,3567.5,3568,3568.3,3567.5,3568
202011210224,3567.5,3568.2,3567.2,3568,3568,3568.5,3567.7,3568.3
202011210225,3568,3568.8,3568,3568.7,3568.3,3569.2,3568.3,3569
202011210226,3568.8,3569.2,3568.5,3569.2,3569.1,3569.5,3568.8,3569.5
202011210227,3569.2,3569.2,3568.5,3568.9,3569.5,3569.5,3568.8,3569.2
202011210228,3569,3569.4,3569,3569.2,3569.3,3569.8,3569.3,3569.5
202011210229,3569.3,3569.4,3569,3569.4,3569.6,3569.7,3569.3,3569.7
202011210230,3569.4,3569.6,3568.8,3568.8,3569.7,3570,3569.1,3569.1
202011210231,3568.8,3569.2,3568.8,3569.2,3569.1,3569.5,3569.1,3569.5
202011210232,3569.2,3569.2,3568,3568.7,3569.5,3569.5,3568.3,3569
202011210233,3568.7,3569.2,3568.5,3569.2,3569,3569.8,3568.9,3569.5
202011210234,3569.2,3569.4,3568.7,3568.8,3569.5,3569.8,3569,3569.2
202011210235,3568.8,3569.4,3568.2,3568.9,3569.2,3569.8,3568.6,3569.2
202011210236,3568.9,3569.2,3568.5,3568.8,3569.2,3569.5,3569,3569.1
202011210237,3568.7,3569.6,3568.7,3569.4,3569,3570,3569,3569.7
202011210238,3569.4,3569.4,3567.5,3567.7,3569.7,3569.8,3567.8,3568
202011210239,3567.7,3568,3567.2,3567.5,3568,3568.3,3567.6,3568
202011210240,3567.5,3568.5,3566.5,3566.7,3568,3568.8,3566.8,3567.3
202011210241,3566.7,3568,3566.7,3568,3567.2,3568.3,3567.1,3568.3
202011210242,3568,3569.3,3568,3569.2,3568.3,3569.8,3568.3,3569.5
202011210243,3569.3,3570,3569.3,3569.5,3569.6,3570.3,3569.6,3569.8
202011210244,3569.4,3569.9,3569,3569.9,3569.7,3570.2,3569.3,3570.2
202011210245,3569.9,3569.9,3569,3569.6,3570.2,3570.3,3569.4,3569.9
202011210246,3569.6,3569.9,3569,3569.3,3569.9,3570.2,3569.4,3569.6
202011210247,3569.3,3569.3,3568.5,3568.7,3569.6,3569.8,3569,3569
202011210248,3568.7,3568.7,3567.3,3567.3,3569,3569,3567.7,3567.7
202011210249,3567.3,3567.8,3565.7,3566,3567.7,3568.3,3566,3566.3
202011210250,3566,3566.9,3566,3566.7,3566.3,3567.3,3566.3,3567
202011210251,3566.7,3566.7,3566.2,3566.4,3567,3567,3566.6,3566.7
202011210252,3566.5,3567.4,3566.2,3566.7,3566.8,3567.8,3566.6,3567
202011210253,3566.7,3567.2,3566.5,3567.2,3567,3567.5,3567,3567.5
202011210254,3567.2,3567.7,3567,3567,3567.5,3568,3567.3,3567.5
202011210255,3567,3567.6,3567,3567.5,3567.5,3568,3567.3,3568
202011210256,3567.5,3567.6,3567.1,3567.1,3568,3568,3567.4,3567.4
202011210257,3567.3,3568.7,3567.2,3568.5,3567.6,3569,3567.6,3568.9
202011210258,3568.5,3569.6,3568.5,3569.3,3568.9,3570,3568.9,3569.7
202011210259,3569.3,3569.9,3569.2,3569.2,3569.7,3570.3,3569.5,3569.8
202011210300,3569.2,3570.5,3568.5,3570.5,3569.8,3570.8,3568.8,3570.8
202011210301,3570.5,3570.6,3569.8,3570.2,3570.8,3571,3570.1,3570.5
202011210302,3570.2,3570.2,3569.7,3570,3570.5,3570.5,3570.1,3570.3
202011210303,3570,3570.2,3568.7,3569.1,3570.3,3570.5,3569,3569.4
202011210304,3569.2,3569.2,3567.7,3568,3569.5,3569.5,3568.2,3568.5
202011210305,3568,3568.4,3567,3567.9,3568.5,3568.8,3567.5,3568.2
202011210306,3567.9,3568.1,3567,3567.1,3568.2,3568.4,3567.3,3567.4
202011210307,3567.2,3567.7,3566.5,3567.3,3567.5,3568.3,3566.9,3567.6
202011210308,3567,3567.2,3566.4,3567.2,3567.5,3567.5,3566.7,3567.5
202011210309,3567.2,3568.1,3567,3568,3567.5,3568.5,3567.4,3568.3
202011210310,3568,3568.2,3566.5,3566.7,3568.3,3568.5,3566.8,3567.3
202011210311,3566.8,3567.5,3566.7,3567.4,3567.2,3567.8,3567.1,3567.7
202011210312,3567.5,3568.5,3567.2,3568.4,3567.8,3568.8,3567.5,3568.7
202011210313,3568.5,3568.9,3568.5,3568.9,3568.8,3569.2,3568.8,3569.2
202011210314,3568.9,3569.5,3568.7,3569.2,3569.2,3569.8,3569,3569.5
202011210315,3569.2,3569.7,3569,3569,3569.5,3570,3569.3,3569.3
202011210316,3569,3569,3568.5,3568.8,3569.3,3569.3,3568.9,3569.1
202011210317,3568.8,3569,3568.5,3568.7,3569.1,3569.3,3569,3569.3
202011210318,3568.7,3570.2,3568.7,3570.2,3569.3,3570.5,3569,3570.5
202011210319,3570.2,3570.2,3569.2,3569.4,3570.5,3570.5,3569.7,3569.7
202011210320,3569.5,3569.5,3568.5,3568.9,3569.8,3569.8,3568.8,3569.2
202011210321,3568.9,3569.1,3568.7,3568.7,3569.2,3569.5,3569,3569.3
202011210322,3568.7,3570.3,3568.7,3570.3,3569.3,3570.8,3569.2,3570.7
202011210323,3570.3,3571.7,3570.2,3571.7,3570.7,3572,3570.6,3572
202011210324,3571.7,3571.7,3571,3571.6,3572,3572,3571.4,3572
202011210325,3571.6,3571.9,3571,3571.7,3572,3572.3,3571.4,3572.3
202011210326,3571.7,3571.7,3571,3571,3572.3,3572.3,3571.3,3571.3
202011210327,3571,3571.5,3570.7,3571.5,3571.3,3572,3571.1,3571.8
202011210328,3571.5,3571.7,3571.2,3571.7,3571.8,3572,3571.7,3572
202011210329,3571.7,3572.8,3571.5,3572.6,3572,3573.3,3572,3572.9
202011210330,3572.5,3572.6,3572,3572.1,3572.8,3573,3572.3,3572.4
202011210331,3572.1,3572.1,3570.7,3570.8,3572.4,3572.4,3571.1,3571.2
202011210332,3570.8,3571.1,3570.7,3571,3571.2,3571.5,3571,3571.5
202011210333,3571,3571.4,3571,3571.4,3571.5,3571.7,3571.3,3571.7
202011210334,3571.4,3571.4,3570.7,3570.9,3571.7,3571.8,3571,3571.2
202011210335,3570.9,3571.7,3570.7,3571.7,3571.2,3572.3,3571.2,3572.3
202011210336,3571.9,3573.2,3571.7,3572.9,3572.2,3573.5,3572.1,3573.2
202011210337,3572.9,3573.5,3572.2,3573.1,3573.2,3573.8,3572.6,3573.4
202011210338,3573,3573.2,3572.7,3573,3573.3,3573.5,3573,3573.3
202011210339,3573,3573.4,3573,3573,3573.3,3573.7,3573.3,3573.5
202011210340,3573,3573.3,3572.5,3572.6,3573.5,3573.6,3572.8,3572.9
202011210341,3572.6,3572.8,3572.2,3572.7,3572.9,3573.1,3572.6,3573
202011210342,3572.7,3573,3572.5,3572.6,3573,3573.3,3572.8,3572.9
202011210343,3572.6,3572.8,3572.5,3572.8,3572.9,3573.3,3572.8,3573.1
202011210344,3572.7,3573.4,3572.6,3573,3573,3573.8,3573,3573.5
202011210345,3573,3573,3572.7,3572.8,3573.5,3573.5,3573,3573.1
202011210346,3572.8,3573,3572.3,3572.9,3573.1,3573.5,3572.6,3573.2
202011210347,3572.9,3572.9,3571.2,3571.9,3573.2,3573.2,3571.7,3572.2
202011210348,3571.9,3572.2,3571.5,3572,3572.2,3572.5,3572,3572.3
202011210349,3572,3573.1,3572,3573.1,3572.3,3573.5,3572.3,3573.4
202011210350,3573,3573.4,3573,3573.2,3573.3,3573.8,3573.3,3573.5
202011210351,3573.2,3573.2,3571,3571.6,3573.5,3573.5,3571.3,3572
202011210352,3571.6,3572.1,3571.5,3571.9,3572,3572.5,3571.8,3572.2
202011210353,3571.9,3572.1,3571.7,3571.9,3572.2,3572.5,3572.1,3572.2
202011210354,3571.9,3572.2,3571.7,3571.7,3572.2,3572.5,3572,3572
202011210355,3571.7,3572,3570.7,3571.1,3572,3572.3,3571.1,3571.4
202011210356,3571.1,3571.8,3570.5,3570.6,3571.4,3572.3,3570.9,3570.9
202011210357,3570.7,3570.9,3570.5,3570.9,3571,3571.3,3570.8,3571.2
202011210358,3570.9,3571.6,3570.9,3571.6,3571.2,3572,3571.2,3571.9
202011210359,3571.5,3572.1,3571.5,3571.8,3571.8,3572.4,3571.8,3572.2
202011210400,3571.8,3572.2,3571.7,3571.8,3572.2,3572.5,3572.1,3572.1
202011210401,3571.7,3571.7,3570.7,3570.7,3572,3572,3571,3571
202011210402,3570.7,3572.4,3570.5,3572,3571,3572.7,3571,3572.3
202011210403,3572,3572.1,3570.7,3570.9,3572.3,3572.5,3571.1,3571.2
202011210404,3570.9,3571.3,3570.8,3571.1,3571.2,3571.8,3571.2,3571.4
202011210405,3571.2,3571.4,3570.4,3570.4,3571.5,3571.7,3570.7,3570.7
202011210406,3570.4,3570.7,3570,3570.4,3570.7,3571.3,3570.4,3570.7
202011210407,3570.4,3571.2,3570.2,3571.2,3570.7,3571.5,3570.6,3571.5
202011210408,3571.2,3571.4,3570.7,3570.9,3571.5,3571.8,3571.2,3571.2
202011210409,3570.9,3571.4,3570.7,3570.7,3571.2,3571.8,3571,3571.3
202011210410,3570.7,3570.8,3570.2,3570.5,3571.3,3571.3,3570.5,3570.8
202011210411,3570.5,3571.4,3569.7,3571.4,3570.8,3571.7,3570.1,3571.7
202011210412,3571.5,3571.5,3570.7,3571.3,3571.8,3571.8,3571.2,3571.6
202011210413,3571.3,3571.3,3570.5,3570.8,3571.6,3571.6,3570.8,3571.1
202011210414,3570.7,3570.7,3569.7,3569.8,3571,3571,3570,3570.1
202011210415,3569.7,3570.7,3569.7,3570,3570,3571,3570,3570.3
202011210416,3569.9,3570.2,3569.2,3569.4,3570.2,3570.5,3569.6,3569.7
202011210417,3569.4,3569.7,3568.8,3569,3569.7,3570,3569.1,3569.3
202011210418,3569,3569.4,3568.4,3568.5,3569.3,3569.8,3568.7,3569
202011210419,3568.5,3569.4,3567.7,3569.2,3569,3569.8,3568.2,3569.8
202011210420,3569.2,3569.5,3568,3568.4,3569.8,3569.8,3568.4,3568.7
202011210421,3568.5,3569.9,3568.5,3569.7,3568.8,3570.3,3568.8,3570.3
202011210422,3569.7,3571.7,3569.7,3571.5,3570.3,3572,3570.3,3571.8
202011210423,3571.5,3572.2,3571,3572.2,3571.8,3572.5,3571.4,3572.5
202011210424,3572.2,3572.2,3571,3571,3572.5,3572.5,3571.3,3571.3
202011210425,3570.9,3571.4,3570.3,3570.6,3571.2,3571.8,3570.6,3570.9
202011210426,3570.6,3570.8,3570,3570.8,3570.9,3571.3,3570.3,3571.1
202011210427,3570.7,3570.7,3569.5,3569.7,3571,3571,3569.9,3570
202011210428,3569.7,3570.2,3569.7,3570,3570,3570.8,3570,3570.5
202011210429,3570,3570.8,3569.9,3570.8,3570.5,3571.1,3570.2,3571.1
202011210430,3570.7,3571.3,3570.2,3571.2,3571,3571.6,3570.5,3571.5
202011210431,3571.2,3571.5,3570.2,3570.5,3571.5,3572,3570.6,3570.8
202011210432,3570.5,3571,3570,3570,3570.8,3571.3,3570.5,3570.5
202011210433,3570,3571.1,3570,3571.1,3570.5,3571.5,3570.5,3571.4
202011210434,3571.2,3572.7,3571.2,3572.7,3571.5,3573,3571.5,3573
202011210435,3572.7,3574.6,3572.5,3574,3573,3574.9,3572.8,3574.3
202011210436,3574,3574.4,3573.5,3574,3574.3,3574.8,3573.8,3574.5
202011210437,3574,3574.5,3573.7,3573.8,3574.5,3574.8,3574.1,3574.2
202011210438,3573.8,3574.1,3572.2,3572.4,3574.2,3574.5,3572.5,3572.7
202011210439,3572.4,3572.6,3570.7,3570.7,3572.7,3573,3571,3571
202011210440,3570.8,3571,3567.7,3569,3571.1,3571.5,3568,3569.4
202011210441,3569,3569.5,3567.4,3568.4,3569.4,3569.8,3567.7,3568.7
202011210442,3568.4,3569.4,3568.2,3568.8,3568.7,3569.8,3568.6,3569.1
202011210443,3568.7,3569.1,3568.3,3569,3569,3569.5,3568.7,3569.5
202011210444,3569,3569.3,3568.5,3568.7,3569.5,3569.8,3568.9,3569
202011210445,3568.7,3569.3,3568,3568.7,3569,3569.8,3568.3,3569
202011210446,3568.6,3569,3567,3567.2,3569,3569.3,3567.3,3567.5
202011210447,3567.2,3568.2,3567,3567.9,3567.5,3568.5,3567.5,3568.2
202011210448,3568,3568.9,3568,3568.9,3568.3,3569.2,3568.3,3569.2
202011210449,3569,3569.2,3568.5,3569.2,3569.3,3569.5,3568.8,3569.5
202011210450,3569.2,3569.6,3568.7,3569.5,3569.5,3569.9,3569.2,3569.8
202011210451,3569.5,3569.7,3568.5,3568.7,3569.8,3570,3568.8,3569.3
202011210452,3568.7,3569.2,3568.7,3568.7,3569.3,3569.5,3569,3569.3
202011210453,3568.7,3570.2,3568.7,3569.8,3569.3,3570.5,3569,3570.1
202011210454,3569.8,3570,3569,3569,3570.1,3570.3,3569.3,3569.3
202011210455,3569,3569.7,3568.2,3569.7,3569.3,3570,3568.8,3570
202011210456,3569.6,3569.8,3568.5,3568.5,3569.9,3570.3,3568.8,3568.8
202011210457,3568.5,3568.7,3567.7,3567.7,3568.8,3569,3568.1,3568.3
202011210458,3567.7,3568.2,3567,3567.7,3568.3,3568.5,3567.3,3568.3
202011210459,3567.7,3569,3567.7,3568.6,3568.3,3569.3,3568.1,3568.9
202011210500,3568.6,3570,3568.5,3569.6,3568.9,3570.3,3568.9,3569.9
202011210501,3569.6,3569.6,3568.5,3568.5,3569.9,3570,3568.8,3568.8
202011210502,3568.5,3568.5,3567.2,3568.4,3568.8,3568.8,3567.5,3568.7
202011210503,3568.5,3568.6,3567.7,3568,3568.8,3568.9,3568.1,3568.5
202011210504,3568,3568,3566.5,3566.5,3568.5,3568.5,3566.8,3566.8
202011210505,3566.5,3566.9,3565.7,3566.9,3566.8,3567.3,3566,3567.2
202011210506,3567,3568.7,3567,3568.6,3567.3,3569,3567.3,3569
202011210507,3568.6,3568.6,3566.2,3566.3,3569,3569,3566.5,3566.7
202011210508,3566.3,3567.2,3565.6,3565.6,3566.6,3567.5,3565.9,3565.9
202011210509,3565.6,3565.8,3563.5,3563.5,3565.9,3566.3,3563.8,3564
202011210510,3563.5,3564.9,3563,3564.6,3564,3565.3,3563.3,3565
202011210511,3564.6,3565.7,3563.7,3563.9,3565,3566,3564.2,3564.2
202011210512,3564,3564.1,3561.2,3561.5,3564.3,3564.5,3561.5,3561.8
202011210513,3561.5,3561.8,3559.2,3560.1,3561.8,3562.3,3559.6,3560.4
202011210514,3560,3561.3,3560,3560.9,3560.4,3561.6,3560.4,3561.2
202011210515,3561,3561,3557.5,3558.2,3561.3,3561.3,3557.8,3558.5
202011210516,3558.2,3560.3,3558.2,3559.3,3558.5,3560.7,3558.5,3559.6
202011210517,3559,3559.7,3558.5,3559.3,3559.3,3560,3559,3559.6
202011210518,3559.3,3559.3,3556,3558.2,3559.6,3559.6,3556.3,3558.5
202011210519,3558.2,3558.7,3557.5,3558.7,3558.5,3559,3557.9,3559
202011210520,3558.7,3559.5,3558.1,3558.9,3559,3559.8,3558.4,3559.2
202011210521,3558.9,3559.5,3557.7,3559.2,3559.2,3560,3558,3559.5
202011210522,3559.2,3560.1,3559,3560.1,3559.5,3560.5,3559.5,3560.4
202011210523,3560,3561.6,3560,3561,3560.4,3562,3560.4,3561.3
202011210524,3561,3561,3559.5,3559.8,3561.3,3561.3,3559.8,3560.1
202011210525,3559.6,3561,3559.2,3559.9,3559.9,3561.3,3559.5,3560.2
202011210526,3559.9,3562.2,3559.9,3561.8,3560.2,3562.5,3560.2,3562.1
202011210527,3561.8,3562.2,3561.5,3561.5,3562.1,3562.5,3561.8,3561.8
202011210528,3561.5,3561.7,3561,3561.2,3561.8,3562,3561.4,3561.5
202011210529,3561.2,3561.3,3559.7,3559.7,3561.5,3561.8,3560,3560.3
202011210530,3559.7,3560.6,3558.4,3559,3560.3,3561,3558.7,3559.3
202011210531,3559,3559.4,3558,3558.2,3559.3,3559.7,3558.3,3558.8
202011210532,3558.2,3560.5,3557.7,3558.1,3558.8,3560.8,3558.1,3558.4
202011210533,3558.1,3559.1,3557,3558.6,3558.4,3559.5,3557.4,3558.9
202011210534,3558.7,3559.7,3558.5,3558.8,3559,3560,3558.8,3559.1
202011210535,3558.8,3561.3,3558,3561,3559.1,3561.6,3558.4,3561.5
202011210536,3561,3563.7,3561,3563.2,3561.5,3564,3561.5,3563.5
202011210537,3563.2,3563.3,3562.2,3562.7,3563.5,3563.6,3562.5,3563.3
202011210538,3562.9,3564.5,3562.7,3564.4,3563.2,3564.8,3563.2,3564.7
202011210539,3564.4,3564.7,3563.5,3564.3,3564.7,3565,3563.9,3564.7
202011210540,3564.3,3564.3,3563.5,3563.7,3564.7,3564.7,3563.9,3564
202011210541,3563.7,3564.4,3563,3564.3,3564,3564.8,3563.3,3564.6
202011210542,3564.3,3564.7,3563.7,3563.7,3564.6,3565,3564,3564
202011210543,3563.7,3565.1,3563.2,3564.9,3564,3565.5,3563.6,3565.2
202011210544,3565,3565.4,3564.5,3565.2,3565.3,3565.8,3564.8,3565.5
202011210545,3565.2,3566.9,3565,3566.2,3565.5,3567.3,3565.3,3566.5
202011210546,3566.1,3566.7,3565.2,3566.7,3566.4,3567,3565.7,3567
202011210547,3566.7,3571,3566.6,3569.7,3567,3571.3,3567,3570
202011210548,3569.7,3569.7,3567,3568.5,3570,3570,3567.3,3568.8
202011210549,3568.5,3568.7,3566.5,3566.7,3568.8,3569,3566.9,3567
202011210550,3566.7,3566.7,3562.5,3563.5,3567,3567,3562.8,3563.8
202011210551,3563.5,3564,3561.5,3561.7,3563.8,3564.3,3561.8,3562
202011210552,3561.7,3563.2,3561,3561.7,3562,3563.8,3561.5,3562
202011210553,3561.6,3562,3559.5,3559.5,3562,3562.4,3559.8,3559.8
202011210554,3559.5,3560.9,3556.9,3557.2,3559.8,3561.2,3557.2,3557.5
202011210555,3557.2,3558.5,3556.5,3558.2,3557.5,3559,3556.8,3558.5
202011210556,3558.3,3559,3556.5,3557,3558.6,3559.3,3556.8,3557.5
202011210557,3557,3557.5,3555,3556,3557.5,3557.8,3555.5,3556.3
202011210558,3556,3556.9,3555.5,3556.5,3556.3,3557.2,3555.8,3556.8
202011210559,3556.5,3556.5,3552.7,3553.1,3556.8,3556.8,3553,3553.4
202011210600,3553.1,3554.4,3549.5,3549.7,3553.4,3554.8,3549.8,3550.3
202011210601,3550.2,3550.2,3548.9,3549.5,3550.5,3550.5,3549.2,3549.8
202011210602,3549.5,3551.4,3549.2,3551.3,3549.8,3551.8,3549.7,3551.6
202011210603,3551.3,3552.9,3551.2,3552,3551.6,3553.3,3551.6,3552.3
202011210604,3551.9,3551.9,3550.5,3550.5,3552.2,3552.3,3550.8,3550.8
202011210605,3550.5,3551.7,3550.5,3551.5,3550.8,3552,3550.8,3551.8
202011210606,3551.5,3551.5,3549.8,3550,3551.8,3551.8,3550.1,3550.3
202011210607,3550.2,3551.1,3550,3550.3,3550.5,3551.5,3550.3,3550.6
202011210608,3550.3,3550.3,3548.2,3548.3,3550.6,3550.6,3548.6,3548.6
202011210609,3548.2,3548.8,3547.2,3547.6,3548.5,3549.1,3547.6,3547.9
202011210610,3547.6,3548.1,3545.5,3545.5,3547.9,3548.4,3545.8,3545.8
202011210611,3545.5,3546,3543,3544.7,3545.8,3546.5,3543.3,3545
202011210612,3544.7,3545.5,3544,3544,3545,3545.8,3544.4,3544.5
202011210613,3544,3545.7,3543.2,3543.8,3544.5,3546,3543.7,3544.1
202011210614,3543.8,3544.3,3542.5,3543.5,3544.2,3544.8,3543,3544
